atco_code,name,easting,northing,longitude,latitude,stop_type
"9100HONROPK","Honor Oak Park Rail Station",535910,174145,-0.0455053719,51.4499889852,"RLY"
"9100HORLEY","Horley Rail Station",528665,142666,-0.1610535045,51.1687753177,"RLY"
"9100HORSHAM","Horsham Rail Station",517865,130980,-0.3192694202,51.0660649726,"RLY"
"9100DENHAM","Denham Rail Station",504214,187733,-0.4974367743,51.5788372482,"RLY"
"9100DENHMGC","Denham Golf Club Rail Station",502800,187900,-0.5177866018,51.5805976673,"RLY"
"9100DENMRKH","Denmark Hill Rail Station",532810,176090,-0.0893608031,51.4682026711,"RLY"
"9100DEPDENE","Dorking Deepdene Rail Station",517051,150180,-0.3246431075,51.2388041881,"RLY"
"9100DEPTFD","Deptford Rail Station",537160,177390,-0.0262701306,51.4788480269,"RLY"
"9100FRIMLEY","Frimley Rail Station",487430,157717,-0.7469912755,51.3118619741,"RLY"
"9100FRNCMB","Farncombe Rail Station",497600,145140,-0.6045487957,51.197153846,"RLY"
"9100FRNDNLT","Farringdon Rail Station",531560,181840,-0.1052045888,51.520167092,"RLY"
"9100FRNNGRD","Farningham Road Rail Station",555595,169330,0.23545215271,51.4016655794,"RLY"
"9100FRSTGT","Forest Gate Rail Station",540458,185335,0.02435290267,51.5494319412,"RLY"
"9100FARNHAM","Farnham Rail Station",484446,146548,-0.7924271053,51.211904643,"RLY"
"9100BRNHRST","Barnehurst Rail Station",550115,176210,0.15964630799,51.4649591293,"RLY"
"9100WHHRTLA","White Hart Lane Rail Station",533690,191340,-0.0709135382,51.6050370668,"RLY"
"9100HBROOMS","High Brooms Rail Station",559378,141370,0.27733229635,51.1494049627,"RLY"
"9100BCWD","Bricket Wood Rail Station",513482,202017,-0.3591149619,51.7054278911,"RLY"
"9100BLCHSRD","Blackhorse Road Rail Station",535800,189345,-0.0412356603,51.5866054825,"RLY"
"9100BOOKHAM","Bookham Rail Station",512784,155640,-0.3840206064,51.2887386585,"RLY"
"9100WRPLSDN","Worplesdon Rail Station",498938,155385,-0.5825781322,51.2890174523,"RLY"
"9100WRUISLP","West Ruislip Rail Station",508370,186810,-0.4377676762,51.5697584751,"RLY"
"9100WRYSBRY","Wraysbury Rail Station",501400,174200,-0.5419218236,51.45770837,"RLY"
"9100WSORAER","Windsor & Eton Riverside Rail Station",496852,177220,-0.6065339834,51.4856501481,"RLY"
"9100WSUTTON","West Sutton Rail Station",525045,164505,-0.2051732707,51.3658538616,"RLY"
"9100TRING","Tring Rail Station",495087,212241,-0.6224393254,51.8007411646,"RLY"
"9100TTNHMHL","Tottenham Hale Rail Station",534500,189500,-0.0599291043,51.5883098428,"RLY"
"9100TULSEH","Tulse Hill Rail Station",531800,172910,-0.1050766864,51.4398611711,"RLY"
"9100TUNWELL","Tunbridge Wells Rail Station",558428,139207,0.26281039988,51.1302339443,"RLY"
"9100TURKYST","Turkey Street Rail Station",535130,198900,-0.0472165555,51.6726280832,"RLY"
"9100TWCKNHM","Twickenham Rail Station",516115,173660,-0.330393744,51.4500311694,"RLY"
"9100EYNSFD","Eynsford Rail Station",553565,164934,0.20439321559,51.3627203522,"RLY"
"9100FALCNWD","Falconwood Rail Station",544553,175403,0.07930456484,51.4591544731,"RLY"
"9100COWDEN","Cowden Rail Station",547658,141714,0.11003281206,51.1556372421,"RLY"
"9100CRAWLEY","Crawley Rail Station",527029,136332,-0.1866728564,51.1122138025,"RLY"
"9100ABWD","Abbey Wood (London) Rail Station",547374,179035,0.12139411536,51.4910624683,"RLY"
"9100ASFDMSX","Ashford (Surrey) Rail Station",506580,171947,-0.4680709159,51.4365071971,"RLY"
"9100KLBRNHR","Kilburn High Road Rail Station",525475,183590,-0.1922374197,51.5372774699,"RLY"
"9100KLGL","Kings Langley Rail Station",508000,202000,-0.4384218704,51.7063558766,"RLY"
"9100THTH","Thornton Heath Rail Station",532250,168350,-0.1003058662,51.3987773188,"RLY"
"9100CRLN","Charlton Rail Station",541130,178385,0.03125757663,51.4868132882,"RLY"
"9100CHESHNT","Cheshunt Rail Station",536647,202307,-0.0239596411,51.7028761888,"RLY"
"9100CHINGFD","Chingford Rail Station",539200,194610,0.00989712465,51.633086672,"RLY"
"9100CHISWCK","Chiswick Rail Station",520380,177220,-0.2678351279,51.4811366163,"RLY"
"9100CHLFNAL","Chalfont & Latimer Rail Station",499647,197573,-0.5605263164,51.6681084369,"RLY"
"9100CHLMSFD","Chelmsford Rail Station",570552,207068,0.46857219674,51.7363726521,"RLY"
"9100CHLSFLD","Chelsfield Rail Station",546950,164020,0.10906990391,51.3562559371,"RLY"
"9100CHLWTH","Chilworth Rail Station",503130,147257,-0.5248240567,51.2152131687,"RLY"
"9100CLPHMJ1","Clapham Junction Rail Station",527205,175500,-0.1702213991,51.4641869002,"RLY"
"9100CLPHMJ2","Clapham Junction Rail Station",527200,175500,-0.1702933367,51.4641880229,"RLY"
"9100CLPHMJC","Clapham Junction Rail Station",527201,175500,-0.1702789492,51.4641877984,"RLY"
"9100FAYGATE","Faygate Rail Station",521728,134388,-0.2630185925,51.0958906382,"RLY"
"9100FELTHAM","Feltham Rail Station",510600,173300,-0.409838162,51.4478983778,"RLY"
"9100AMERSHM","Amersham Rail Station",496379,198188,-0.607596056,51.6742057989,"RLY"
"9100WHMDSTD","West Hampstead Rail Station",525520,184725,-0.1911845184,51.547467624,"RLY"
"9100WHMPSTM","West Hampstead Thameslink Rail Station",525472,184836,-0.1918368395,51.5484758356,"RLY"
"9100WHORNDN","West Horndon Rail Station",562320,188048,0.34064374154,51.5679453157,"RLY"
"9100DORKING","Dorking Rail Station",517073,150417,-0.324250704,51.2409298387,"RLY"
"9100DORMANS","Dormans Rail Station",539662,141508,-0.0043081818,51.1557917958,"RLY"
"9100BARMING","Barming Rail Station",572970,156891,0.47895820334,51.2848951997,"RLY"
"9100BRKWOOD","Brookwood Rail Station",495200,156954,-0.6357478161,51.3037579269,"RLY"
"9100BRLANDS","Berrylands Rail Station",519700,168070,-0.2807135895,51.399045184,"RLY"
"9100MALDENM","Malden Manor Rail Station",521090,166510,-0.2612739059,51.3847299981,"RLY"
"9100HFLPEVL","Hatfield Peverel Rail Station",578910,212200,0.5921238162,51.7798643769,"RLY"
"9100HGHI","Highbury & Islington Rail Station",531585,184735,-0.1037636383,51.5461771548,"RLY"
"9100HGHMSPK","Highams Park Rail Station",538575,191840,-0.000222186,51.6083501836,"RLY"
"9100HIGHBYA","Highbury & Islington Rail Station",531585,184725,-0.1037673746,51.5460872902,"RLY"
"9100HIGM","Higham Rail Station",571556,172613,0.46627780763,51.4265591186,"RLY"
"9100HITCHIN","Hitchin Rail Station",519433,229734,-0.2634807646,51.9532825348,"RLY"
"9100HKBG","Hackbridge Rail Station",528580,165930,-0.1539074774,51.3778717957,"RLY"
"9100HLDNBRO","Hildenborough Rail Station",555680,148500,0.22758998859,51.2144861558,"RLY"
"9100HLMW","Holmwood Rail Station",517465,143780,-0.3208089105,51.1811957155,"RLY"
"9100STPANCI","St Pancras International Rail Station",530020,183176,-0.1268952817,51.5325294678,"RLY"
"9100PADTON","London Paddington Rail Station",526648,181251,-0.1761738992,51.5159955029,"RLY"
"9100PALMRSG","Palmers Green Rail Station",530915,192745,-0.1104365615,51.6183143123,"RLY"
"9100ELSENHM","Elsenham Rail Station",553321,227014,0.22807036687,51.9205455249,"RLY"
"9100ELTHAM","Eltham Rail Station",542700,174960,0.05247241766,51.4556435242,"RLY"
"9100ELTR","Elstree & Borehamwood Rail Station",519080,196320,-0.2800814619,51.6530693555,"RLY"
"9100WNDSWRD","Wandsworth Road Rail Station",529390,176226,-0.1385195853,51.4702164567,"RLY"
"9100WNMHILL","Winchmore Hill Rail Station",531530,194500,-0.1009001592,51.6339420773,"RLY"
"9100WNORWOD","West Norwood Rail Station",531910,172010,-0.1038299146,51.4317476194,"RLY"
"9100WNOTLEY","White Notley Rail Station",578934,218775,0.59586353267,51.838911813,"RLY"
"9100GDLMING","Godalming Rail Station",496622,143946,-0.6188622483,51.1865866204,"RLY"
"9100GERRDSX","Gerrards Cross Rail Station",500184,188785,-0.5552753406,51.5890229956,"RLY"
"9100GFORD","Greenford Rail Station",514810,183900,-0.3458371253,51.542331318,"RLY"
"9100MSTONEB","Maidstone Barracks Rail Station",575440,156115,0.51396025465,51.2771694848,"RLY"
"9100MSTONEE","Maidstone East Rail Station",575949,156206,0.52129516596,51.2778301141,"RLY"
"9100MSTONEW","Maidstone West Rail Station",575592,155374,0.5157735375,51.2704661935,"RLY"
"9100WBYFLET","West Byfleet Rail Station",504200,161075,-0.5054851486,51.3392257425,"RLY"
"9100WCHAPEL","Whitechapel Rail Station",534715,181845,-0.0597570433,51.5194690651,"RLY"
"9100DGNHMDC","Dagenham Dock Rail Station",548975,182980,0.14610297941,51.5260896747,"RLY"
"9100STHALL","Southall Rail Station",512627,179804,-0.3786102955,51.5059566007,"RLY"
"9100STJMSST","St James Street (London) Rail Station",536393,188735,-0.032918376,51.5809809155,"RLY"
"9100APSLEY","Apsley Rail Station",506245,204874,-0.4629347325,51.7325217602,"RLY"
"9100WEMBLSM","Wembley Stadium Rail Station",518955,185340,-0.2856082283,51.5544156032,"RLY"
"9100WENDOVR","Wendover Rail Station",486547,207750,-0.7473722963,51.7617573052,"RLY"
"9100WEYBDGB","Weybridge Rail Station",507473,163651,-0.4577385947,51.3617712911,"RLY"
"9100WEYBDGE","Weybridge Rail Station",507474,163651,-0.4577242371,51.3617711021,"RLY"
"9100BROXBRN","Broxbourne Rail Station",537403,207228,-0.0110866395,51.7469103971,"RLY"
"9100BRTWOOD","Brentwood Rail Station",559315,193035,0.29958588082,51.6136052441,"RLY"
"9100BRUCGRV","Bruce Grove Rail Station",533795,190110,-0.0698669882,51.5939591227,"RLY"
"9100LANGLEY","Langley (Berks) Rail Station",501300,179800,-0.541756088,51.5080622946,"RLY"
"9100REEDHMS","Reedham (Surrey) Rail Station",530835,160785,-0.1234157533,51.3311196932,"RLY"
"9100REIGATE","Reigate Rail Station",525476,150730,-0.2038250585,51.2419583877,"RLY"
"9100KNSXMCL","London Kings Cross Thameslink Rail Station",530480,182980,-0.1203398493,51.5306620788,"RLY"
"9100KNTSHTN","Kentish Town Rail Station",529035,185150,-0.1403649083,51.5504949019,"RLY"
"9100BTHNLGR","Bethnal Green Rail Station",534715,182340,-0.059567964,51.5239172689,"RLY"
"9100BTLSBDG","Battlesbridge Rail Station",577665,194895,0.56528563473,51.6248254025,"RLY"
"9100CHRX","London Charing Cross Rail Station",530235,180455,-0.1248021087,51.5080273938,"RLY"
"9100CHSD","Chipstead Rail Station",527685,158275,-0.1695031461,51.3092773123,"RLY"
"9100CHSLHRS","Chislehurst Rail Station",543200,169400,0.05741805551,51.4055565444,"RLY"
"9100CHSSN","Chessington North Rail Station",518400,164145,-0.3006990598,51.364041065,"RLY"
"9100CHSSS","Chessington South Rail Station",517900,163300,-0.308157496,51.3565503145,"RLY"
"9100FENCHRS","London Fenchurch Street Rail Station",533410,180940,-0.0788966872,51.5116458345,"RLY"
"9100WWICKHM","West Wickham Rail Station",538276,166565,-0.0144318666,51.3813014259,"RLY"
"9100INGTSTN","Ingatestone Rail Station",564982,199165,0.38424682605,51.6670430798,"RLY"
"9100HTRWTM2","Heathrow T2 Rail-Air Link",507628,175732,-0.4518493289,51.470329823,"RLY"
"9100HTRWTM3","Heathrow T3 Rail-Air Link",507221,175923,-0.4576488126,51.4721237629,"RLY"
"9100ASHURST","Ashurst (Kent) Rail Station",550726,138801,0.15265220319,51.1286627974,"RLY"
"9100ASHVALE","Ash Vale Rail Station",489273,153342,-0.7216485087,51.2722469404,"RLY"
"9100VAUXHLM","Vauxhall Rail Station",530430,178030,-0.1228894698,51.4861898668,"RLY"
"9100VAUXHLW","Vauxhall Rail Station",530431,178030,-0.1228750757,51.4861896364,"RLY"
"9100VICTRIC","London Victoria Rail Station",528900,179000,-0.144558729,51.4952574979,"RLY"
"9100VICTRIE","London Victoria Rail Station",528901,179000,-0.1445443319,51.4952572701,"RLY"
"9100VRGNWTR","Virginia Water Rail Station",500115,167955,-0.5621737669,51.4018021707,"RLY"
"9100WADDON","Waddon Rail Station",531155,164830,-0.1173358318,51.3673978248,"RLY"
"9100WADHRST","Wadhurst Rail Station",562150,133004,0.31317360123,51.0734608428,"RLY"
"9100BARNES","Barnes Rail Station",522200,175700,-0.2421642115,51.4670860863,"RLY"
"9100BASILDN","Basildon Rail Station",570368,188330,0.4567889653,51.5681064873,"RLY"
"9100BATABAL","Bat & Ball Rail Station",553100,156800,0.19422757424,51.2897607812,"RLY"
"9100BATRSPK","Battersea Park Rail Station",528745,176960,-0.1475334396,51.4769597525,"RLY"
"9100BAYFORD","Bayford Rail Station",531537,208274,-0.0956099393,51.7577164299,"RLY"
"9100BCKNHMH","Beckenham Hill Rail Station",538040,171375,-0.0159510302,51.4245825486,"RLY"
"9100BROCKLY","Brockley Rail Station",536420,175790,-0.0375366095,51.4646488461,"RLY"
"9100BROMLYN","Bromley North Rail Station",540380,169630,0.01699272077,51.4083277224,"RLY"
"9100BROMLYS","Bromley South Rail Station",540430,168702,0.01734411348,51.3999763156,"RLY"
"9100CFPK","Crofton Park Rail Station",536520,174740,-0.0365029624,51.4551892025,"RLY"
"9100CHADHDD","Chafford Hundred Rail Station",558920,178770,0.28744702092,51.4855572378,"RLY"
"9100CHATHAM","Chatham Rail Station",575547,167608,0.52115082745,51.3803785894,"RLY"
"9100DALS","Dalston Junction Rail Station",533570,184780,-0.07513749,51.546115633,"RLY"
"9100DALSKLD","Dalston Kingsland Rail Station",533525,185005,-0.0757007451,51.5481481936,"RLY"
"9100DARTFD","Dartford Rail Station",554314,174378,0.21924789083,51.4473706782,"RLY"
"9100DATCHET","Datchet Rail Station",498740,176970,-0.5794218285,51.4830768677,"RLY"
"9100GNWH","Greenwich Rail Station",538060,177335,-0.0133398433,51.478135051,"RLY"
"9100GODMAYS","Goodmayes Rail Station",546400,187300,0.11080715673,51.5655789715,"RLY"
"9100TLBYTWN","Tilbury Town Rail Station",563626,176337,0.35403856372,51.4623585604,"RLY"
"9100CRESING","Cressing Rail Station",577648,220224,0.57796116785,51.852336706,"RLY"
"9100CRFD","Crayford Rail Station",551510,174395,0.17893616876,51.4482799065,"RLY"
"9100CRHL","Crews Hill Rail Station",530970,200110,-0.1068870149,51.6844858184,"RLY"
"9100CRKLWD","Cricklewood Rail Station",524000,185910,-0.2126765563,51.5584529595,"RLY"
"9100ASCOT","Ascot Rail Station",492200,168300,-0.6758331694,51.406243652,"RLY"
"9100UPMNSP6","Upminster Rail Station",556130,186870,0.25088401307,51.5591081318,"RLY"
"9100UPMNSTR","Upminster Rail Station",556130,186860,0.25087957623,51.5590182875,"RLY"
"9100UPRHLWY","Upper Holloway Rail Station",529750,186630,-0.1295130027,51.5636312314,"RLY"
"9100UWRLNGH","Upper Warlingham Rail Station",534068,158353,-0.0779516653,51.3085117711,"RLY"
"9100CUSTMHS","Custom House Rail Station",540760,180950,0.02695456467,51.5099540969,"RLY"
"9100LBGHJN","Loughborough Junction Rail Station",531925,175855,-0.1021820027,51.4662976451,"RLY"
"9100PENEW","Penge West Rail Station",534940,170510,-0.060839827,51.4175551636,"RLY"
"9100HRNSY","Hornsey Rail Station",530900,189200,-0.1119749843,51.5864609493,"RLY"
"9100HROW","Harrow & Wealdstone Rail Station",515465,189460,-0.3345714001,51.5921686841,"RLY"
"9100HROWDC","Harrow & Wealdstone Rail Station",515465,189461,-0.3345710714,51.5921776716,"RLY"
"9100HRPNDN","Harpenden Rail Station",513735,214175,-0.351480451,51.8146448913,"RLY"
"9100HRSLEY","Horsley Rail Station",509223,154518,-0.4354085965,51.2793469796,"RLY"
"9100HRSTGRN","Hurst Green Rail Station",539970,151380,0.00393940851,51.2444306773,"RLY"
"9100CHRSTSH","Christs Hospital Rail Station",514800,129200,-0.3635562617,51.0506860126,"RLY"
"9100CHRW","Chorleywood Rail Station",502597,196090,-0.5183199818,51.6542486165,"RLY"
"9100LEIGHK","Leigh (Kent) Rail Station",554555,146175,0.21049501173,51.1939008673,"RLY"
"9100GODSTON","Godstone Rail Station",536277,148357,-0.0500849189,51.2181574507,"RLY"
"9100GOMSHAL","Gomshall Rail Station",508915,147842,-0.4418521158,51.2193985311,"RLY"
"9100ISLEWTH","Isleworth Rail Station",515600,176400,-0.336906726,51.4747628211,"RLY"
"9100IVER","Iver Rail Station",503730,179898,-0.5067259497,51.5085028184,"RLY"
"9100KMPTNPK","Kempton Park Rail Station",510671,170307,-0.409751255,51.4209831476,"RLY"
"9100KNCKHLT","Knockholt Rail Station",548500,162900,0.13084714432,51.3457895473,"RLY"
"9100KNEBWTH","Knebworth Rail Station",524908,220250,-0.1872887121,51.866854837,"RLY"
"9100TADWTH","Tadworth Rail Station",523100,156200,-0.2359645907,51.2916375284,"RLY"
"9100STJOHNS","St Johns (London) Rail Station",537435,176345,-0.0227187448,51.4693908203,"RLY"
"9100STKM","Stoke Mandeville Rail Station",483965,210603,-0.7840862047,51.7877955374,"RLY"
"9100STKNWNG","Stoke Newington Rail Station",533670,186910,-0.0728873514,51.5652327749,"RLY"
"9100STLEIGH","Stoneleigh Rail Station",522024,164159,-0.2486651377,51.3634006595,"RLY"
"9100STMFDHL","Stamford Hill Rail Station",533380,187930,-0.0766819228,51.5744673887,"RLY"
"9100STMGTS","St Margarets (London) Rail Station",516810,174255,-0.3202004228,51.4552360367,"RLY"
"9100STMRYC","St Mary Cray Rail Station",546640,168295,0.10638367579,51.3947493177,"RLY"
"9100STNBGPK","Stonebridge Park Rail Station",519660,184210,-0.2758283521,51.5441109953,"RLY"
"9100KEMSING","Kemsing Rail Station",556784,157738,0.24742842428,51.2971871472,"RLY"
"9100KENOLYM","Kensington (Olympia) Rail Station",524325,179180,-0.2103640608,51.4978988128,"RLY"
"9100KENR","Kensal Rise Rail Station",523560,183240,-0.2199570374,51.5345540038,"RLY"
"9100KENSLG","Kensal Green Rail Station",523215,182785,-0.2250875861,51.5305402045,"RLY"
"9100CATERHM","Caterham Rail Station",534120,155420,-0.0783070406,51.2821414938,"RLY"
"9100CATEZKX","Kings Cross Underground Station",530230,182930,-0.123960344,51.530270412,"RLY"
"9100CATFBDG","Catford Bridge Rail Station",537365,173600,-0.0247910932,51.4447407379,"RLY"
"9100CATFORD","Catford Rail Station",537260,173560,-0.0263165147,51.4444067233,"RLY"
"9100NEWMLDN","New Malden Rail Station",521410,168670,-0.2559395525,51.4040746169,"RLY"
"9100NEWPRTE","Newport (Essex) Rail Station",552231,233584,0.21514056898,51.9798695665,"RLY"
"9100HAYESAH","Hayes & Harlington Rail Station",509714,179422,-0.4206834761,51.5030956104,"RLY"
"9100SBDGWTH","Sawbridgeworth Rail Station",549019,215064,0.16041110454,51.8143478524,"RLY"
"9100BSHPSFD","Bishops Stortford Rail Station",549155,220894,0.16489419614,51.8666913821,"RLY"
"9100YALDING","Yalding Rail Station",568526,150241,0.41216418407,51.2264836864,"RLY"
"9100GORDONH","Gordon Hill Rail Station",531880,197780,-0.0946104309,51.6633351524,"RLY"
"9100IFIELD","Ifield Rail Station",525053,136663,-0.2147720775,51.115622899,"RLY"
"9100ILFENBP","Newbury Park Station",544906,188310,0.08968398069,51.5750397333,"RLY"
"9100ILFORD","Ilford Rail Station",543570,186500,0.0696795341,51.5591175291,"RLY"
"9100RAYLEGH","Rayleigh Rail Station",580207,191029,0.59998347987,51.5892932723,"RLY"
"9100RAYNSPK","Raynes Park Rail Station",523190,169280,-0.2301507749,51.4091734404,"RLY"
"9100RBRN","Ravensbourne Rail Station",538655,170235,-0.0075567429,51.4141883571,"RLY"
"9100RCHT","Rochester Rail Station",574517,168605,0.50685493421,51.3896520002,"RLY"
"9100RCKMNSW","Rickmansworth Rail Station",505745,194597,-0.4732824467,51.6402467744,"RLY"
"9100COLSDNS","Coulsdon South Rail Station",529870,159060,-0.1378872138,51.3158381493,"RLY"
"9100COLSTWN","Coulsdon Town Rail Station",530091,159756,-0.1344641509,51.3220426429,"RLY"
"9100BORNEND","Bourne End Rail Station",489456,187260,-0.7104734601,51.5771179015,"RLY"
"9100BORWGAW","Borough Green & Wrotham Rail Station",560898,157424,0.30624506129,51.2932192433,"RLY"
"9100BOWESPK","Bowes Park Rail Station",530245,191470,-0.1205818738,51.607011879,"RLY"
"9100BOXHAWH","Box Hill & Westhumble Rail Station",516744,151865,-0.3284898749,51.2540118533,"RLY"
"9100KENTHOS","Kent House Rail Station",536040,169945,-0.0452473692,51.4122152159,"RLY"
"9100SNGT","Stonegate Rail Station",565892,127169,0.36386821978,51.0199677155,"RLY"
"9100SNODLND","Snodland Rail Station",570660,161860,0.44824133528,51.3302307131,"RLY"
"9100LIVST","London Liverpool Street Rail Station",533216,181641,-0.0814259439,51.5179910298,"RLY"
"9100WDMNSTR","Woodmansterne Rail Station",528720,159385,-0.1542620487,51.3190200375,"RLY"
"9100WDON","Wimbledon Rail Station",524810,170660,-0.2063850716,51.4212218672,"RLY"
"9100WDRYTON","West Drayton Rail Station",506120,180120,-0.4722342353,51.5100549217,"RLY"
"9100WDST","Wood Street Rail Station",538490,189415,-0.0024053172,51.5865804106,"RLY"
"9100WDULWCH","West Dulwich Rail Station",532750,173030,-0.0913714313,51.4407179294,"RLY"
"9100WDWTOWN","Wandsworth Town Rail Station",525970,175120,-0.1881254027,51.4610477955,"RLY"
"9100WEALING","West Ealing Rail Station",516666,180735,-0.320133207,51.5135055096,"RLY"
"9100QPRK","Queens Park (London) Rail Station",524600,183200,-0.2049847769,51.5339661708,"RLY"
"9100QTRDBAT","Queenstown Road (Battersea) Rail Station",528810,176740,-0.1466781393,51.4749678755,"RLY"
"9100RADLETT","Radlett Rail Station",516427,199832,-0.3172437011,51.685187984,"RLY"
"9100SNDP","Sundridge Park Rail Station",540673,170245,0.02144640977,51.4137815728,"RLY"
"9100MWRWSTN","Meridian Water Rail Station",535061,191940,-0.0508976608,51.610101878,"RLY"
"9100SOLEST","Sole Street Rail Station",565583,167583,0.37809701189,51.3831455589,"RLY"
"9100SPHS","Staplehurst Rail Station",578392,144450,0.55043851131,51.1714674389,"RLY"
"9100SRUISLP","South Ruislip Rail Station",511070,185440,-0.3992590699,51.5569202804,"RLY"
"9100STAINES","Staines Rail Station",504150,171446,-0.5031644531,51.4324554101,"RLY"
"9100STALBCY","St Albans City Rail Station",515549,207076,-0.3275382272,51.7504731565,"RLY"
"9100STALBNA","St Albans Abbey Rail Station",514526,206414,-0.342568644,51.7447334028,"RLY"
"9100EDNB","Edenbridge Rail Station",544040,147487,0.06064634772,51.2084356181,"RLY"
"9100EDNT","Edenbridge Town Rail Station",544522,146571,0.06717310341,51.2000827298,"RLY"
"9100EDPK","Eden Park Rail Station",537420,167520,-0.0263550769,51.3900910312,"RLY"
"9100SBURY","Southbury Rail Station",534840,196230,-0.0524368308,51.6487050407,"RLY"
"9100SCROYDN","South Croydon Rail Station",532830,164380,-0.0934565079,51.362964887,"RLY"
"9100SDBRYHH","Sudbury Hill Harrow Rail Station",515465,185710,-0.3358028123,51.5584653754,"RLY"
"9100SDBRYHR","Sudbury & Harrow Road Rail Station",516885,185290,-0.3154681356,51.55439847,"RLY"
"9100SDSD","Sanderstead Rail Station",532857,162747,-0.0936782258,51.3482832901,"RLY"
"9100MDNHEAD","Maidenhead Rail Station",488725,180745,-0.7226604448,51.5186689698,"RLY"
"9100PCKHMQD","Queens Road Peckham Rail Station",535020,176745,-0.0573134908,51.4735662223,"RLY"
"9100PCKHMRY","Peckham Rye Rail Station",534190,176330,-0.0694143312,51.4700341517,"RLY"
"9100BIRKBCK","Birkbeck Rail Station",535335,169000,-0.0557386582,51.4038915987,"RLY"
"9100PURFLET","Purfleet Rail Station",555417,178156,0.23676701853,51.4810133792,"RLY"
"9100PURLEY","Purley Rail Station",531470,161520,-0.1140353739,51.3375787075,"RLY"
"9100PURLEYO","Purley Oaks Rail Station",532500,162600,-0.098856071,51.3470455076,"RLY"
"9100PUTNEY","Putney Rail Station",524000,175100,-0.2164745358,51.4613026295,"RLY"
"9100RICHMND","Richmond (London) Rail Station",518085,175155,-0.3015583482,51.4630606231,"RLY"
"9100WNSTDPK","Wanstead Park Rail Station",540580,185590,0.02621307375,51.5516929548,"RLY"
"9100WOKING","Woking Rail Station",500660,158695,-0.5569596208,51.3184693495,"RLY"
"9100WOLWCDY","Woolwich Dockyard Rail Station",542740,178910,0.05464203127,51.4911270572,"RLY"
"9100WOLWCHA","Woolwich Arsenal Rail Station",543754,178803,0.06919399379,51.4899089361,"RLY"
"9100WONT","Walton-on-Thames Rail Station",510447,164956,-0.4146349593,51.3729310704,"RLY"
"9100LNGCROS","Longcross Rail Station",497897,166062,-0.5945699258,51.3851728383,"RLY"
"9100LONFLDS","London Fields Rail Station",534790,184260,-0.057753292,51.5411529817,"RLY"
"9100LRDGFD","London Road (Guildford) Rail Station",500264,150030,-0.5650688944,51.2406497101,"RLY"
"9100LSYDNHM","Lower Sydenham Rail Station",536830,171370,-0.033345404,51.4248307643,"RLY"
"9100LTCE","Letchworth Rail Station",521712,232758,-0.2292640819,51.9799640022,"RLY"
"9100LTNBZRD","Leighton Buzzard Rail Station",491091,225024,-0.6770072901,51.9163057679,"RLY"
"9100LUTOAPY","Luton Airport Parkway Rail Station",510533,220534,-0.3958809363,51.8724375568,"RLY"
"9100LUTON","Luton Rail Station",509259,221604,-0.4140401416,51.8823048507,"RLY"
"9100NWOLWCH","North Woolwich Rail Station",543280,179810,0.06277989677,51.4990776765,"RLY"
"9100HWYCOMB","High Wycombe Rail Station",486935,193053,-0.7454098119,51.6295859717,"RLY"
"9100HYDNSRD","Haydons Road Rail Station",526020,171160,-0.1888146313,51.4254479512,"RLY"
"9100PETSWD","Petts Wood Rail Station",544440,167550,0.07448093018,51.3886187947,"RLY"
"9100PITSEA","Pitsea Rail Station",573828,187585,0.50629313905,51.5603592233,"RLY"
"9100PKHMRYC","Peckham Rye Rail Station",534191,176330,-0.0693999427,51.4700339148,"RLY"
"9100PKST","Park Street Rail Station",514733,204274,-0.3402764912,51.7254582257,"RLY"
"9100PKWD","Paddock Wood Rail Station",567079,145272,0.38914870228,51.1822668027,"RLY"
"9100PLMS","Plumstead Rail Station",544800,178820,0.08425652445,51.4897950365,"RLY"
"9100MANRPK","Manor Park Rail Station",541973,185716,0.04634162174,51.5524766563,"RLY"
"9100MARDEN","Marden Rail Station",574375,144725,0.49316935061,51.1751758279,"RLY"
"9100MARLOW","Marlow Rail Station",485590,186512,-0.7664306995,51.5709934198,"RLY"
"9100MARYLBN","London Marylebone Rail Station",527550,182000,-0.1629108268,51.5225238825,"RLY"
"9100NEWSGAT","New Southgate Rail Station",528670,192220,-0.1430378315,51.6141135619,"RLY"
"9100ELMERSE","Elmers End Rail Station",535780,168411,-0.0495702664,51.3984923503,"RLY"
"9100ELMW","Elmstead Woods Rail Station",542250,170660,0.04427414538,51.4171176042,"RLY"
"9100ELPHNAC","Elephant & Castle Rail Station",532085,178945,-0.0987254952,51.4940287771,"RLY"
"9100HAYS","Hayes (Kent) Rail Station",540030,166060,0.01055679095,51.3763338507,"RLY"
"9100ASHD","Ashtead Rail Station",518040,159000,-0.3075716855,51.317873794,"RLY"
"9100ASHH","Ash Rail Station",489934,150834,-0.7128053872,51.2495973162,"RLY"
"9100HTRWTM4","Heathrow Terminal 4 Rail Station",508100,174400,-0.4454633963,51.4582676551,"RLY"
"9100HTRWTM5","Heathrow Terminal 5 Rail Station",504938,175645,-0.4905889665,51.4700525504,"RLY"
"9100SEVNSIS","Seven Sisters Rail Station",533455,188800,-0.0752700179,51.5822677074,"RLY"
"9100SGFORD","South Greenford Rail Station",515465,182960,-0.3367043266,51.5337494785,"RLY"
"9100SHADWEL","Shadwell Rail Station",534935,180940,-0.0569342908,51.5112840323,"RLY"
"9100SHALFD","Shalford (Surrey) Rail Station",500200,147100,-0.566803701,51.2143229732,"RLY"
"9100HEDSTNL","Headstone Lane Rail Station",513870,190590,-0.3572197641,51.6026489868,"RLY"
"9100HEMLHMP","Hemel Hempstead Rail Station",504300,205925,-0.4907737433,51.7423329769,"RLY"
"9100HERNEH","Herne Hill Rail Station",531955,174410,-0.102289092,51.4533050369,"RLY"
"9100HERSHAM","Hersham Rail Station",512155,165425,-0.389959186,51.3768120464,"RLY"
"9100EDMNGRN","Edmonton Green Rail Station",534310,193570,-0.0611124129,51.6249287573,"RLY"
"9100RCTRYRD","Rectory Road Rail Station",534010,186170,-0.0682668768,51.5585023293,"RLY"
"9100RDLSDWN","Riddlesdown Rail Station",532505,160980,-0.0993866248,51.3324857941,"RLY"
"9100REDHILL","Redhill Rail Station",528128,150600,-0.1658998783,51.2402011257,"RLY"
"9100DRAYGRN","Drayton Green Rail Station",515960,181065,-0.3301941741,51.5166166225,"RLY"
"9100LETHRHD","Leatherhead Rail Station",516300,156840,-0.3332318989,51.2988178163,"RLY"
"9100LEWISHM","Lewisham Rail Station",538050,175950,-0.0140243397,51.4656917407,"RLY"
"9100OCKENDN","Ockendon Rail Station",559003,182828,0.29046917422,51.5219921102,"RLY"
"9100OCKLYAC","Ockley Rail Station",516477,140455,-0.336013632,51.1515119578,"RLY"
"9100OKLGHPK","Oakleigh Park Rail Station",527000,194800,-0.1662093291,51.6376780151,"RLY"
"9100OLDST","Old Street Rail Station",532700,182500,-0.0885350878,51.5258317066,"RLY"
"9100NUNHEAD","Nunhead Rail Station",535390,176005,-0.052272611,51.4668280152,"RLY"
"9100NUTFILD","Nutfield Rail Station",530495,149170,-0.1325312443,51.2268135741,"RLY"
"9100THBDGS","Three Bridges Rail Station",528800,136900,-0.1611840033,51.1169237509,"RLY"
"9100THBLDSG","Theobalds Grove Rail Station",535927,201128,-0.0348312997,51.6924565535,"RLY"
"9100TOLWTH","Tolworth Rail Station",519845,165605,-0.279461392,51.3768602215,"RLY"
"9100TONBDG","Tonbridge Rail Station",558789,146027,0.27097313924,51.191411268,"RLY"
"9100TOOTING","Tooting Rail Station",527950,170585,-0.1612776538,51.419848439,"RLY"
"9100STOTNHM","South Tottenham Rail Station",533680,188595,-0.0721025934,51.5803722535,"RLY"
"9100STPADOM","London St Pancras International Rail Station",530050,183175,-0.1264633895,51.5325135782,"RLY"
"9100AYLESFD","Aylesford Rail Station",572017,158687,0.46617068355,51.301317844,"RLY"
"9100CHDNGTN","Cheddington Rail Station",492232,218549,-0.6621517866,51.8579182438,"RLY"
"9100DRKGW","Dorking West Rail Station",515987,149869,-0.3399784824,51.2362259747,"RLY"
"9100WHAM","West Ham Rail Station",539140,182860,0.00437929318,51.5275181048,"RLY"
"9100WHAMHL","West Ham Rail Station",539210,182970,0.00543114953,51.528489318,"RLY"
"9100ALDRSHT","Aldershot Rail Station",486656,150424,-0.7598597989,51.2464183771,"RLY"
"9100ALEXNDP","Alexandra Palace Rail Station",530295,190460,-0.1202351393,51.5979239959,"RLY"
"9100ESSEXRD","Essex Road Rail Station",532120,184140,-0.0962759782,51.5407053442,"RLY"
"9100ESTFLDS","Mitcham Eastfields Rail Station",528445,169250,-0.1546459563,51.4077390504,"RLY"
"9100ETCHNGM","Etchingham Rail Station",571431,126301,0.44235637924,51.0105461655,"RLY"
"9100ETILBRY","East Tilbury Rail Station",567634,178969,0.41292789242,51.4848313576,"RLY"
"9100EUSTON","London Euston Rail Station",529545,182675,-0.1339235556,51.5281362444,"RLY"
"9100EWELLE","Ewell East Rail Station",522569,162158,-0.2415295604,51.3452995455,"RLY"
"9100EWELW","Ewell West Rail Station",521480,162660,-0.2569865415,51.3500448603,"RLY"
"9100PNDRSEN","Ponders End Rail Station",536060,195545,-0.0350803848,51.6422560371,"RLY"
"9100PNGEE","Penge East Rail Station",535395,170720,-0.0542204536,51.4193339223,"RLY"
"9100PNSHRST","Penshurst Rail Station",551957,146480,0.17347226859,51.1973376145,"RLY"
"9100WELHAMG","Welham Green Rail Station",523653,205697,-0.2106916736,51.7363521708,"RLY"
"9100WELLING","Welling Rail Station",546090,176075,0.10168964098,51.4647984809,"RLY"
"9100ALBNYPK","Albany Park Rail Station",547855,172860,0.12573715609,51.435452655,"RLY"
"9100KEWBDGE","Kew Bridge Rail Station",519020,178120,-0.2871075504,51.4895128582,"RLY"
"9100KEWGRDN","Kew Gardens Rail Station",519195,176740,-0.2850535141,51.4770733418,"RLY"
"9100KGSTON","Kingston Rail Station",518242,169561,-0.301165709,51.4127512459,"RLY"
"9100KGWD","Kingswood Rail Station",524815,156585,-0.2112474821,51.2947247232,"RLY"
"9100KIDBROK","Kidbrooke Rail Station",540945,175632,0.02749762513,51.4621212961,"RLY"
"9100LEYTNMR","Leyton Midland Road Rail Station",538150,187530,-0.008050551,51.5697253651,"RLY"
"9100LGFD","Longfield Rail Station",560129,168857,0.30036424222,51.3961552451,"RLY"
"9100LHVN","Littlehaven Rail Station",518621,132520,-0.3079804586,51.0797512331,"RLY"
"9100LIMHSE","Limehouse Rail Station",536120,181111,-0.0398027844,51.5125366934,"RLY"
"9100LINGFLD","Lingfield Rail Station",539400,143800,-0.0071645465,51.1764527729,"RLY"
"9100LNDNBDC","London Bridge Rail Station",532930,180190,-0.0860920048,51.5050190405,"RLY"
"9100LNDNBDE","London Bridge Rail Station",532930,180200,-0.0860882393,51.5051089049,"RLY"
"9100SHLIER","St Helier (London) Rail Station",525425,167190,-0.1987706701,51.3899008048,"RLY"
"9100NBARNET","New Barnet Rail Station",526500,196000,-0.1729970807,51.6485745809,"RLY"
"9100NBCKNHM","New Beckenham Rail Station",536720,170470,-0.0352734259,51.4167696211,"RLY"
"9100NDULWCH","North Dulwich Rail Station",532950,174570,-0.0879174727,51.4545103304,"RLY"
"9100BRKMNPK","Brookmans Park Rail Station",524119,204007,-0.20454865,51.7210617644,"RLY"
"9100SELHRST","Selhurst Rail Station",533105,167610,-0.0882998975,51.3919274416,"RLY"
"9100SHPDSB","Shepherds Bush Rail Station",523799,179989,-0.2176540384,51.5052847106,"RLY"
"9100SHRDHST","Shoreditch High Street Rail Station",533629,182251,-0.0752461012,51.5233752488,"RLY"
"9100ROYDON","Roydon Rail Station",540582,210496,0.036251791,51.7754867387,"RLY"
"9100RTHERHI","Rotherhithe Rail Station",535305,179785,-0.0520484962,51.5008165093,"RLY"
"9100RTHERI","Rotherhithe Rail Station",535305,179785,-0.0520484962,51.5008165093,"RLY"
"9100RYEHOUS","Rye House Rail Station",538488,209762,0.00562825292,51.7694129116,"RLY"
"9100SACTON","South Acton Rail Station",520170,179280,-0.2701571908,51.4996952271,"RLY"
"9100SALFDS","Salfords (Surrey) Rail Station",528473,146330,-0.1624891011,51.2017479975,"RLY"
"9100WRCSTRP","Worcester Park Rail Station",522220,166150,-0.2451672322,51.3812525571,"RLY"
"9100SBRMNDS","South Bermondsey Rail Station",535160,178370,-0.0546776556,51.4881355768,"RLY"
"9100EDULWCH","East Dulwich Rail Station",533440,175360,-0.0805716194,51.4614944798,"RLY"
"9100EFARLGH","East Farleigh Rail Station",573484,153607,0.48472904846,51.2552376811,"RLY"
"9100EFNGHMJ","Effingham Junction Rail Station",510271,155892,-0.4199653396,51.2914953354,"RLY"
"9100EGHAM","Egham Rail Station",501143,171073,-0.5465121523,51.4296467743,"RLY"
"9100STPX","London St Pancras International Rail Station",530000,183160,-0.1271893573,51.5323902832,"RLY"
"9100STPXBOX","London St Pancras International LL Rail Station",529990,183135,-0.1273426639,51.5321679183,"RLY"
"9100NEWXGTE","New Cross Gate Rail Station",536190,176950,-0.0403989121,51.4751282367,"RLY"
"9100WCOMBEP","Westcombe Park Rail Station",540245,178070,0.01839473787,51.4842027013,"RLY"
"9100WCROYDN","West Croydon Rail Station",532150,166083,-0.1025854706,51.378427754,"RLY"
"9100WDGRNPK","Woodgrange Park Rail Station",541850,185355,0.04442331118,51.5492637449,"RLY"
"9100SHRMKT","Shoreham (Kent) Rail Station",552587,161510,0.18888974054,51.3322186125,"RLY"
"9100SHRTLND","Shortlands Rail Station",539330,169320,0.00178410685,51.4058007425,"RLY"
"9100SIDCUP","Sidcup Rail Station",546335,172640,0.10379465578,51.4338701458,"RLY"
"9100SIVRST","Silver Street Rail Station",533916,192420,-0.0672399163,51.614688488,"RLY"
"9100NEWXGEL","New Cross Gate ELL Rail Station",536189,176950,-0.040413302,51.4751284772,"RLY"
"9100CUFFLEY","Cuffley Rail Station",530700,202800,-0.1097833319,51.7087217241,"RLY"
"9100COOKHAM","Cookham Rail Station",488690,185060,-0.7220789851,51.557462722,"RLY"
"9100SHMPSTD","South Hampstead Rail Station",526390,184075,-0.1788776915,51.5414321678,"RLY"
"9100STRETHM","Streatham Rail Station",530000,171300,-0.1315502567,51.4258080201,"RLY"
"9100STRHCOM","Streatham Common Rail Station",529710,170505,-0.1360097755,51.4187298814,"RLY"
"9100STRHILL","Streatham Hill Rail Station",530270,172685,-0.1271600347,51.4381927476,"RLY"
"9100ORPNGTN","Orpington Rail Station",545505,165875,0.08909054702,51.3732959821,"RLY"
"9100CMBLEY","Camberley Rail Station",487573,160441,-0.7442716314,51.3363276167,"RLY"
"9100CMDNRD","Camden Road Rail Station",529175,184185,-0.138700821,51.541790787,"RLY"
"9100CNDAW","Canada Water Rail Station",535475,179475,-0.049719754,51.4979900886,"RLY"
"9100CNNB","Canonbury Rail Station",532380,185040,-0.0921908482,51.5487322475,"RLY"
"9100HCRT","Hampton Court Rail Station",515376,168361,-0.3427476527,51.4025556703,"RLY"
"9100HDON","Hendon Rail Station",522140,188270,-0.2386740632,51.5800679554,"RLY"
"9100BAGSHOT","Bagshot Rail Station",491391,163627,-0.6886619109,51.3643675197,"RLY"
"9100BALCOMB","Balcombe Rail Station",530670,130115,-0.1369336776,51.0555216567,"RLY"
"9100BALDOCK","Baldock Rail Station",524540,234264,-0.1875636737,51.9928712094,"RLY"
"9100BALHAM","Balham Rail Station",528500,173200,-0.1524244157,51.4432248729,"RLY"
"9100BRACKNL","Bracknell Rail Station",486910,168969,-0.751703561,51.4130918883,"RLY"
"9100BRAINFP","Braintree Freeport Rail Station",576925,222100,0.56843481453,51.8694161382,"RLY"
"9100BRAINTR","Braintree Rail Station",576093,222736,0.55668710811,51.8753916838,"RLY"
"9100BRBCNLT","Barbican Rail Station",532100,181800,-0.0974410979,51.5196817189,"RLY"
"9100BRBY","Brondesbury Rail Station",524755,184450,-0.2023086549,51.5451656923,"RLY"
"9100BRBYPK","Brondesbury Park Rail Station",524225,183940,-0.210127586,51.5406991211,"RLY"
"9100BRIMSDN","Brimsdown Rail Station",536315,197035,-0.03081735,51.655583366,"RLY"
"9100BRIXTON","Brixton Rail Station",531100,175500,-0.1141833985,51.4632989255,"RLY"
"9100NMBRLPK","Northumberland Park Rail Station",534875,191030,-0.0539318429,51.601969065,"RLY"
"9100NORBURY","Norbury Rail Station",530710,169720,-0.1219260434,51.4114457976,"RLY"
"9100NORWDJ","Norwood Junction Rail Station",534000,168200,-0.0752214998,51.3970190492,"RLY"
"9100NRBITON","Norbiton Rail Station",519435,169545,-0.2840249528,51.4123576557,"RLY"
"9100NRTHFLT","Northfleet Rail Station",561621,174435,0.3243335694,51.4458463443,"RLY"
"9100NSHEEN","North Sheen Rail Station",519030,175410,-0.2878758132,51.4651546873,"RLY"
"9100NTHCAMP","North Camp Rail Station",488600,153725,-0.731198647,51.2757948619,"RLY"
"9100NTHOLTP","Northolt Park Rail Station",513827,185570,-0.3594658653,51.5575396777,"RLY"
"9100GTWK","Gatwick Airport Rail Station",528700,141300,-0.1610414552,51.1564907323,"RLY"
"9100GUILDFD","Guildford Rail Station",499200,149600,-0.5804249593,51.2369701895,"RLY"
"9100HACKNYC","Hackney Central Rail Station",534890,184925,-0.0560575326,51.5471049481,"RLY"
"9100HACKNYW","Hackney Wick Rail Station",537060,184572,-0.0249197732,51.5434104688,"RLY"
"9100HADLYWD","Hadley Wood Rail Station",526225,198210,-0.1761724787,51.6684968489,"RLY"
"9100HAGGERS","Haggerston Rail Station",533555,183955,-0.0756664692,51.538705464,"RLY"
"9100HAKNYNM","Hackney Downs Rail Station",534555,185100,-0.0608189367,51.5487574447,"RLY"
"9100HALG","Halling Rail Station",570347,164326,0.44493188278,51.3524778413,"RLY"
"9100BANSTED","Banstead Rail Station",524588,160432,-0.2131588524,51.3293488457,"RLY"
"9100FURZEP","Furze Platt Rail Station",488294,182334,-0.7284727403,51.533020269,"RLY"
"9100HRLWMIL","Harlow Mill Rail Station",547160,212340,0.13230764079,51.7903654601,"RLY"
"9100HRLWTWN","Harlow Town Rail Station",544626,211232,0.09513188242,51.7810703404,"RLY"
"9100KNGX","London Kings Cross Rail Station",530300,183000,-0.1229259115,51.5308833389,"RLY"
"9100KNLY","Kenley Rail Station",532420,160120,-0.1009253421,51.3247769419,"RLY"
"9100BELM","Belmont Rail Station",525545,162065,-0.1988550453,51.3438147997,"RLY"
"9100BELNGHM","Bellingham Rail Station",537780,172295,-0.0193307245,51.4329130585,"RLY"
"9100BELVEDR","Belvedere Rail Station",549515,179215,0.15228619059,51.4921182002,"RLY"
"9100EALINGB","Ealing Broadway Rail Station",517938,180913,-0.3017516905,51.5148414545,"RLY"
"9100EARLSWD","Earlswood (Surrey) Rail Station",527820,149160,-0.1708229894,51.2273284568,"RLY"
"9100EBSFDOM","Ebbsfleet International Rail Station",561394,174108,0.32092093528,51.4429732029,"RLY"
"9100EBSFLTI","Ebbsfleet International Rail Station",561394,174109,0.32092139087,51.4429821871,"RLY"
"9100HAMPTON","Hampton (London) Rail Station",513300,169803,-0.3721188859,51.4159343771,"RLY"
"9100HAMWICK","Hampton Wick Rail Station",517450,169740,-0.3124894608,51.4145244865,"RLY"
"9100HANWELL","Hanwell Rail Station",515390,180520,-0.3385834264,51.5118349464,"RLY"
"9100HARLSDN","Harlesden Rail Station",520940,183370,-0.2576674972,51.5362891383,"RLY"
"9100HAROOTH","Harrow-on-the-Hill Rail Station",515314,188012,-0.3372253608,51.5791856192,"RLY"
"9100HASLEMR","Haslemere Rail Station",489802,132928,-0.7191625684,51.0886481896,"RLY"
"9100HATFILD","Hatfield (Herts) Rail Station",523240,208750,-0.2155885321,51.7638794888,"RLY"
"9100ACTNCTL","Acton Central Rail Station",520645,180295,-0.2629706148,51.5087162782,"RLY"
"9100ACTONML","Acton Main Line Rail Station",520360,181230,-0.2667563617,51.5171801456,"RLY"
"9100ADLESTN","Addlestone Rail Station",505587,164866,-0.4844567172,51.3730456637,"RLY"
"9100WTRNGBY","Wateringbury Rail Station",569160,152850,0.42246659257,51.2497351073,"RLY"
"9100STANAIR","Stansted Airport Rail Station",555683,223530,0.26081559435,51.8885910524,"RLY"
"9100STANMFC","Stansted Mountfitchet Rail Station",551440,224830,0.19978096127,51.9014383472,"RLY"
"9100TAPLOW","Taplow Rail Station",491580,181340,-0.6813703828,51.5235623791,"RLY"
"9100TATNHMC","Tattenham Corner Rail Station",522590,158140,-0.242609213,51.3091832692,"RLY"
"9100TDITTON","Thames Ditton Rail Station",515660,166870,-0.3391521094,51.3890970165,"RLY"
"9100TEDNGTN","Teddington Rail Station",516019,170815,-0.332705913,51.4244806825,"RLY"
"9100WHTTON","Whitton Rail Station",514220,173570,-0.3576813376,51.4496072855,"RLY"
"9100WHYTELF","Whyteleafe Rail Station",533841,158508,-0.0811482976,51.3099580923,"RLY"
"9100WHYTLFS","Whyteleafe South Rail Station",534155,157785,-0.0769176513,51.3033868462,"RLY"
"9100WIKFORD","Wickford Rail Station",574512,193694,0.51918514821,51.6150231424,"RLY"
"9100WIMBLDN","Wimbledon Rail Station",524811,170660,-0.2063706973,51.4212216473,"RLY"
"9100WIMLCHS","Wimbledon Chase Rail Station",524310,169350,-0.2140311574,51.4095583744,"RLY"
"9100WINDSEC","Windsor & Eton Central Rail Station",496590,176950,-0.6103798678,51.4832679167,"RLY"
"9100HEVER","Hever Rail Station",546530,144550,0.09506941174,51.1814111472,"RLY"
"9100HFDN","Hertford North Rail Station",531681,212856,-0.0917884682,51.7988567013,"RLY"
"9100FNCHLYR","Finchley Road & Frognal Rail Station",526070,185050,-0.1831405212,51.5502658645,"RLY"
"9100MORDENS","Morden South Rail Station",525360,167880,-0.1994609194,51.3961163124,"RLY"
"9100MOTNGHM","Mottingham Rail Station",542580,173240,0.05005403153,51.4402181862,"RLY"
"9100CLYGATE","Claygate Rail Station",515097,163755,-0.348247717,51.3612140122,"RLY"
"9100OTFORD","Otford Rail Station",553200,159407,0.19677880807,51.3131582227,"RLY"
"9100OXSHOTT","Oxshott Rail Station",514172,160973,-0.3624192433,51.3363958202,"RLY"
"9100OXTED","Oxted Rail Station",539317,152862,-0.0048334968,51.2579082321,"RLY"
"9100OXTEDBY","Oxted Rail Station",539318,152862,-0.0048191751,51.2579079879,"RLY"
"9100BLKHTH","Blackheath Rail Station",539640,176005,0.00887195566,51.4657962411,"RLY"
"9100BLTCHLY","Bletchley Rail Station",486859,233741,-0.7363204181,51.9953344532,"RLY"
"9100BLTRNAB","Beltring Rail Station",568000,147800,0.40349559627,51.2047087228,"RLY"
"9100BNHAM","Burnham (Berks) Rail Station",494008,181378,-0.6463737386,51.5235055229,"RLY"
"9100RICHNLL","Richmond NLL Rail Station",518095,175165,-0.3014111293,51.4631484145,"RLY"
"9100RNHAME","Rainham (London) Rail Station",552095,182030,0.19063351677,51.5167231168,"RLY"
"9100CLOCKHS","Clock House Rail Station",536370,169550,-0.0406569819,51.4085864136,"RLY"
"9100CLPHHS","Clapham High Street Rail Station",529820,175710,-0.1325216058,51.4654809056,"RLY"
"9100CXTN","Cuxton Rail Station",571435,166750,0.46170869678,51.3739265998,"RLY"
"9100CLPHMJM","Clapham Junction Rail Station",527202,175500,-0.1702645617,51.4641875738,"RLY"
"9100CLPHMJW","Clapham Junction Rail Station",527203,175500,-0.1702501741,51.4641873493,"RLY"
"9100MOTSPRP","Motspur Park Rail Station",522575,167710,-0.2395306963,51.3951964136,"RLY"
"9100MRGT","Moorgate Rail Station",532693,181683,-0.0889433296,51.5184914421,"RLY"
"9100MRTLKE","Mortlake Rail Station",520465,175770,-0.2671055731,51.4680868279,"RLY"
"9100LDYW","Ladywell Rail Station",537730,174890,-0.0190406105,51.4562443244,"RLY"
"9100LEABDGE","Lea Bridge Rail Station",536176,187123,-0.0366725271,51.5665478013,"RLY"
"9100LEAGRVE","Leagrave Rail Station",506145,224080,-0.4585025732,51.9051589926,"RLY"
"9100LEEE","Lee Rail Station",540010,174230,0.0134928748,51.4497548104,"RLY"
"9100DRYP","Drayton Park Rail Station",531445,185465,-0.1055089278,51.552769874,"RLY"
"9100DTNG","Dunton Green Rail Station",551454,157500,0.17093720894,51.2964902587,"RLY"
"9100POTRSBR","Potters Bar Rail Station",525010,201359,-0.1926054591,51.6970673712,"RLY"
"9100STCR","Stone Crossing Rail Station",557394,174913,0.26377125157,51.4513304837,"RLY"
"9100MEOPHAM","Meopham Rail Station",564100,167900,0.3569515952,51.3864238266,"RLY"
"9100MERSTHM","Merstham Rail Station",529155,153291,-0.1502256033,51.2641542122,"RLY"
"9100MGTE","Moorgate Rail Station",532694,181683,-0.0889289256,51.5184912074,"RLY"
"9100MHERON","Martins Heron Rail Station",488820,168370,-0.724396598,51.4074116544,"RLY"
"9100MITCHMJ","Mitcham Junction Rail Station",528270,167600,-0.1577565672,51.3929501305,"RLY"
"9100MLFORD","Milford (Surrey) Rail Station",495406,141335,-0.6369482985,51.1633192705,"RLY"
"9100MLHB","Mill Hill Broadway Rail Station",521320,191925,-0.2492396428,51.6130927905,"RLY"
"9100BARKING","Barking Rail Station",544410,184340,0.08090251386,51.5394947156,"RLY"
"9100EMALING","East Malling Rail Station",570200,156900,0.43928038001,51.2858098179,"RLY"
"9100EMRSPKH","Emerson Park Rail Station",553965,187865,0.22011332512,51.5686424274,"RLY"
"9100ENFC","Enfield Chase Rail Station",532180,196666,-0.0906962897,51.6532540836,"RLY"
"9100ENFCOAK","Oakwood Station",529326,195977,-0.1321823749,51.6477256066,"RLY"
"9100ENFLDLK","Enfield Lock Rail Station",536427,198745,-0.0285323822,51.6709220867,"RLY"
"9100ENFLDTN","Enfield Town Rail Station",532970,196550,-0.0793275609,51.6520255579,"RLY"
"9100EPSDNS","Epsom Downs Rail Station",522806,159759,-0.2389547714,51.3236875042,"RLY"
"9100EPSM","Epsom Rail Station",520700,160900,-0.2687776022,51.3343927305,"RLY"
"9100ERIDGE","Eridge Rail Station",554271,134488,0.20143180721,51.0889656398,"RLY"
"9100ERITH","Erith Rail Station",551130,178100,0.17505454186,51.481670928,"RLY"
"9100ERLFLD","Earlsfield Rail Station",526050,173040,-0.1877148555,51.4423369702,"RLY"
"9100ESHER","Esher Rail Station",514696,165824,-0.3533377601,51.3798911037,"RLY"
"9100ROMFORD","Romford Rail Station",551389,188476,0.18323743946,51.5748290573,"RLY"
"9100BUSHEY","Bushey Rail Station",511858,195322,-0.3847490781,51.6455815755,"RLY"
"9100BUSHYDC","Bushey Rail Station",511818,195340,-0.3853211909,51.6457513005,"RLY"
"9100BXLYHTH","Bexleyheath Rail Station",548320,175995,0.13373496165,51.4635001507,"RLY"
"9100BYFLANH","Byfleet & New Haw Rail Station",505854,162285,-0.4813896879,51.3497966473,"RLY"
"9100HOUNSLW","Hounslow Rail Station",513870,174935,-0.3622768775,51.4619461273,"RLY"
"9100HOWWOOD","How Wood (Herts) Rail Station",514449,203409,-0.344670375,51.7177421332,"RLY"
"9100HOXTON","Hoxton Rail Station",533575,183155,-0.0756814943,51.531511669,"RLY"
"9100HRGY","Harringay Rail Station",531400,188200,-0.1051360579,51.577358274,"RLY"
"9100HRGYGL","Harringay Green Lanes Rail Station",531885,188193,-0.098143697,51.5771822102,"RLY"
"9100HRLDWOD","Harold Wood Rail Station",554785,190575,0.23312869437,51.5927661406,"RLY"
"9100HRLG","Harlington (Beds) Rail Station",503456,230355,-0.495689862,51.9620620567,"RLY"
"9100STROOD","Strood Rail Station",574027,169356,0.50018750475,51.3965486367,"RLY"
"9100STRWBYH","Strawberry Hill Rail Station",515520,172415,-0.3393583891,51.4389629704,"RLY"
"9100SUNBURY","Sunbury Rail Station",510119,169998,-0.4177825994,51.4183131985,"RLY"
"9100SUNNGDL","Sunningdale Rail Station",495206,166764,-0.6330406518,51.3919404127,"RLY"
"9100SUNYMDS","Sunnymeads Rail Station",500160,175575,-0.5593741568,51.4702882988,"RLY"
"9100SURBITN","Surbiton Rail Station",518100,167300,-0.303958484,51.3924596894,"RLY"
"9100SURREYQ","Surrey Quays Rail Station",535642,178946,-0.047518581,51.4931963543,"RLY"
"9100SUTTON","Sutton (London) Rail Station",526034,163826,-0.1912147406,51.3595331626,"RLY"
"9100SUTTONC","Sutton Common Rail Station",525635,165525,-0.1963425013,51.3748907319,"RLY"
"9100SVNKNGS","Seven Kings Rail Station",545455,187100,0.09710023253,51.564026227,"RLY"
"9100SVNOAKS","Sevenoaks Rail Station",552267,155340,0.18166901607,51.2768654233,"RLY"
"9100SWLY","Swanley Rail Station",551016,168271,0.16922544124,51.3933868169,"RLY"
"9100SWNSCMB","Swanscombe Rail Station",560582,174761,0.3095432837,51.4490705126,"RLY"
"9100WLSDJHL","Willesden Junction Rail Station",521860,182970,-0.2445478144,51.5324966125,"RLY"
"9100WLSDNJL","Willesden Junction Low Level Rail Station",521950,182920,-0.2432682464,51.5320278399,"RLY"
"9100WLTHQRD","Walthamstow Queens Road Rail Station",537020,188810,-0.023845809,51.5815029242,"RLY"
"9100WLTWCEN","Walthamstow Central Rail Station",537295,188975,-0.0198149448,51.5829187463,"RLY"
"9100WLWYNGC","Welwyn Garden City Rail Station",523933,212903,-0.20407041,51.8010480872,"RLY"
"9100WLWYNN","Welwyn North Rail Station",524697,215420,-0.1920914828,51.8234974474,"RLY"
"9100WMALING","West Malling Rail Station",568739,157543,0.418653358,51.2920207305,"RLY"
"9100WMBY","Wembley Central Rail Station",518210,185090,-0.2964327906,51.5523251913,"RLY"
"9100WMBYDC","Wembley Central Rail Station",518211,185090,-0.2964183743,51.552324982,"RLY"
"9100EGRNSTD","East Grinstead Rail Station",538800,138200,-0.0179000123,51.1262735798,"RLY"
"9100SKENTON","South Kenton Rail Station",517330,187060,-0.3084623693,51.5702139724,"RLY"
"9100SLADEGN","Slade Green Rail Station",552248,176588,0.19049143204,51.4677861532,"RLY"
"9100SLEHOPE","Stanford-le-Hope Rail Station",568227,182276,0.42303584636,51.5143636056,"RLY"
"9100SLOUGH","Slough Rail Station",497839,180157,-0.5915103575,51.5118804107,"RLY"
"9100SLVRTWN","Silvertown & City Airport Rail Station",542100,180100,0.04590856441,51.5019811406,"RLY"
"9100SMARGRT","St Margarets (Herts) Rail Station",538131,211803,0.00126921709,51.7878405311,"RLY"
"9100SMERTON","South Merton Rail Station",524945,168635,-0.2051573993,51.4029931102,"RLY"
"9100SMITHAM","Smitham (Coulsdon Town) Rail Station",530090,159755,-0.1344788582,51.3220338844,"RLY"
"9100BLFR","London Blackfriars Rail Station",531714,180914,-0.1033319919,51.5118097294,"RLY"
"9100GRVPK","Grove Park Rail Station",540640,172145,0.02172556684,51.4308631211,"RLY"
"9100GRVSEND","Gravesend Rail Station",564577,174029,0.36664309001,51.4413483251,"RLY"
"9100CHDWLHT","Chadwell Heath Rail Station",547650,187610,0.128958453,51.5680387614,"RLY"
"9100CHEAM","Cheam Rail Station",524447,163336,-0.2141674444,51.3554789193,"RLY"
"9100CAMHTH","Cambridge Heath (London) Rail Station",534850,183240,-0.0572789841,51.5319727046,"RLY"
"9100CANONST","London Cannon Street Rail Station",532620,180890,-0.090292899,51.5113823215,"RLY"
"9100MRYLAND","Maryland Rail Station",539183,184927,0.00581521216,51.5460813629,"RLY"
"9100CROUCHH","Crouch Hill Rail Station",530585,187505,-0.1171487389,51.571301879,"RLY"
"9100CRPNDPK","Carpenders Park Rail Station",511818,193404,-0.3859390315,51.628351151,"RLY"
"9100CRSHLTB","Carshalton Beeches Rail Station",527531,163627,-0.1697969652,51.3574109565,"RLY"
"9100CRSHLTN","Carshalton Rail Station",527739,164861,-0.1663684564,51.3684543138,"RLY"
"9100WLDNGHM","Woldingham Rail Station",535940,156360,-0.0518696291,51.2901578739,"RLY"
"9100WLOE","London Waterloo East Rail Station",531350,180044,-0.108898084,51.5040760903,"RLY"
"9100GRAYS","Grays Rail Station",561340,177810,0.32183225291,51.4762478722,"RLY"
"9100SYDENHM","Sydenham Rail Station",535370,171600,-0.0542438994,51.4272479142,"RLY"
"9100SYDNHMH","Sydenham Hill Rail Station",533540,172160,-0.0803394905,51.4327141447,"RLY"
"9100SYONLA","Syon Lane Rail Station",516420,177200,-0.3248418375,51.4817849709,"RLY"
"9100MAZEH","Maze Hill Rail Station",539175,177865,0.00291420855,51.4826246554,"RLY"
"9100CRYSTLP","Crystal Palace Rail Station",534120,170550,-0.072609797,51.4181090348,"RLY"
"9100CSEAH","Imperial Wharf Rail Station",526300,176675,-0.1828226772,51.4749490963,"RLY"
"9100CTMSLNK","City Thameslink Rail Station",531690,181150,-0.1035895627,51.5139361361,"RLY"
"9100BCKNHMJ","Beckenham Junction Rail Station",537395,169850,-0.0258127416,51.411035107,"RLY"
"9100BCKNMJC","Beckenham Junction Rail Station",537380,169865,-0.0260224802,51.4111735319,"RLY"
"9100BCKWATR","Blackwater Rail Station",485320,159875,-0.7767409358,51.3315815812,"RLY"
"9100BCNSFLD","Beaconsfield Rail Station",494004,191144,-0.6438221979,51.6112912373,"RLY"
"9100ANERLEY","Anerley Rail Station",534605,169900,-0.0658858399,51.4121529856,"RLY"
"9100GLNGHMK","Gillingham (Kent) Rail Station",577520,168365,0.5498500996,51.386565458,"RLY"
"9100GNHT","Greenhithe for Bluewater Rail Station",558545,174842,0.28029021858,51.4503717524,"RLY"
"9100GNRSBRY","Gunnersbury Rail Station",519835,178380,-0.2752863566,51.491677623,"RLY"
"9100FNPK","Finsbury Park Rail Station",531358,186746,-0.1062848978,51.5643017726,"RLY"
"9100ANGELRD","Angel Road Rail Station",535200,192200,-0.0487913406,51.6124049276,"RLY"
"9100SHENFLD","Shenfield Rail Station",561349,195022,0.32985131889,51.6308773472,"RLY"
"9100SHEPRTN","Shepperton Rail Station",508153,167563,-0.4467858291,51.396804777,"RLY"
"9100HTCHEND","Hatch End Rail Station",513065,191325,-0.3686013643,51.6094169312,"RLY"
"9100HTHRGRN","Hither Green Rail Station",539000,174455,-0.0009441682,51.4520252772,"RLY"
"9100HTRWAPT","Heathrow Terminals 2 & 3 Rail Station",507468,175898,-0.4541015506,51.4718522474,"RLY"
"9100HTRWTM1","Heathrow T1 Rail-Air Link",507651,176044,-0.4514233778,51.4731297774,"RLY"
"9100FNTLSR","Farringdon (London) Rail Station",531570,181855,-0.1050549471,51.5202995627,"RLY"
"9100FORESTH","Forest Hill Rail Station",535410,172940,-0.0531570234,51.4392801072,"RLY"
"9100FRANT","Frant Rail Station",560739,136362,0.29454314839,51.104028706,"RLY"
"9100FRBRMN","Farnborough (Main) Rail Station",486870,156020,-0.7554364247,51.2966922049,"RLY"
"9100FRBRNTH","Farnborough North Rail Station",487725,156630,-0.7430268404,51.3020449407,"RLY"
"9100GIDEAPK","Gidea Park Rail Station",552940,189310,0.20596439507,51.5819039979,"RLY"
"9100GIPSYH","Gipsy Hill Rail Station",533321,171235,-0.0838358377,51.4244531197,"RLY"
"9100HYWRDSH","Haywards Heath Rail Station",533045,124630,-0.1050777016,51.0056816899,"RLY"
"9100GOSPLOK","Gospel Oak Rail Station",528300,185670,-0.150770107,51.5553354348,"RLY"
"9100WALHAMX","Waltham Cross Rail Station",536521,200321,-0.0265583143,51.6850609789,"RLY"
"9100WALNGTN","Wallington Rail Station",528843,163991,-0.150832874,51.3603864753,"RLY"
"9100WANBRO","Wanborough Rail Station",493100,150326,-0.6675877129,51.2445232763,"RLY"
"9100WANDCMN","Wandsworth Common Rail Station",527730,173510,-0.1633859124,51.4461848255,"RLY"
"9100WAPPING","Wapping Rail Station",535025,180175,-0.0559308158,51.5043880542,"RLY"
"9100WARE","Ware Rail Station",535998,213984,-0.0287813028,51.8079603867,"RLY"
"9100WARNHAM","Warnham Rail Station",517083,133948,-0.3294640941,51.0929020924,"RLY"
"9100WATFDHS","Watford High Street Rail Station",511359,196098,-0.3917110994,51.6526549586,"RLY"
"9100WATFDJ","Watford Junction Rail Station",511040,197343,-0.3959252354,51.6639076694,"RLY"
"9100WATFDN","Watford North Rail Station",511426,198664,-0.3899257288,51.6757040314,"RLY"
"9100WATFJDC","Watford Junction Rail Station",511000,197300,-0.396516975,51.6635290929,"RLY"
"9100WATONAS","Watton-at-Stone Rail Station",529610,219210,-0.1194274085,51.8564378407,"RLY"
"9100WATRLMN","London Waterloo Rail Station",531060,179950,-0.1131088672,51.5032986135,"RLY"
"9100WBRMPTN","West Brompton Rail Station",525380,178000,-0.1955925613,51.4870613526,"RLY"
"9100BSTD","Bearsted Rail Station",579882,156119,0.57758048241,51.2758214622,"RLY"
"9100BTCHWTH","Betchworth Rail Station",521052,151317,-0.2669729369,51.2481892084,"RLY"
"9100GRPK","Grange Park Rail Station",531750,195470,-0.0973584247,51.6426073462,"RLY"
"9100GRSTH","Garston (Herts) Rail Station",511965,199890,-0.3817411349,51.6866157596,"RLY"
"9100CNTN","Canning Town Rail Station",539300,181600,0.00618656637,51.516156444,"RLY"
"9100HMPSTDH","Hampstead Heath Rail Station",527265,185630,-0.1657053437,51.5552101804,"RLY"
"9100HNCHLYW","Hinchley Wood Rail Station",515600,165300,-0.3405244626,51.3749982733,"RLY"
"9100ECROYDN","East Croydon Rail Station",532841,165770,-0.0927796195,51.3754538042,"RLY"
"9100BENFLET","Benfleet Rail Station",577733,185893,0.56171347084,51.5439450657,"RLY"
"9100BERKHMD","Berkhamsted Rail Station",499336,208139,-0.5620128997,51.7631338549,"RLY"
"9100BEXLEY","Bexley Rail Station",549380,173435,0.1479025861,51.4402194785,"RLY"
"9100BHILLPK","Bush Hill Park Rail Station",533700,195400,-0.0692210324,51.6415185393,"RLY"
"9100BICKLEY","Bickley Rail Station",542370,168770,0.04524062672,51.4001042145,"RLY"
"9100BILERCY","Billericay Rail Station",567500,195000,0.41862972179,51.6288836605,"RLY"
"9100BILSHST","Billingshurst Rail Station",508803,125123,-0.4503021538,51.0152044765,"RLY"
"9100HOMRTON","Homerton Rail Station",535840,184940,-0.0423597532,51.5470120631,"RLY"
"9100UHALIFD","Upper Halliford Rail Station",509219,169395,-0.4309057179,51.4130672282,"RLY"
"9100FULWELL","Fulwell Rail Station",514830,171840,-0.3494675292,51.4339351157,"RLY"
"9100BNSBDGE","Barnes Bridge Rail Station",521460,176230,-0.2526301559,51.4720085213,"RLY"
"9100BNTFORD","Brentford Rail Station",517460,177865,-0.3096509179,51.4875469063,"RLY"
"9100GTMSNDN","Great Missenden Rail Station",489300,201319,-0.709141009,51.7035185332,"RLY"
"9100NWCRELL","New Cross ELL Rail Station",536739,177100,-0.0324408879,51.4763438626,"RLY"
"9100NWCROSS","New Cross Rail Station",536740,177100,-0.0324264977,51.4763436211,"RLY"
"9100NWELTHM","New Eltham Rail Station",544010,173040,0.07053325309,51.438059627,"RLY"
"9100NWEMBLY","North Wembley Rail Station",517660,186220,-0.3039840433,51.5625958434,"RLY"
"9100NWHYTHE","New Hythe Rail Station",571190,159960,0.45492960418,51.3130029391,"RLY"
"9100LYTNSHR","Leytonstone High Road Rail Station",539310,186875,0.00841647572,51.5635544955,"RLY"
"9100HERTFDE","Hertford East Rail Station",532980,212910,-0.0729413467,51.7990348618,"RLY"
"9100WITLEY","Witley Rail Station",494850,137970,-0.6457829662,51.1331619775,"RLY"
"9100CBARPAR","Castle Bar Park Rail Station",515850,181765,-0.3315488623,51.5229305014,"RLY"
"9100CBGH","Crowborough Rail Station",553472,129725,0.18801250436,51.0463815649,"RLY"
"9100CBHMSDA","Cobham & Stoke d'Abernon Rail Station",512341,158897,-0.389346295,51.3181007378,"RLY"
"9100SEERGRN","Seer Green Rail Station",496500,191030,-0.6078184628,51.6098447617,"RLY"
"9100STEVNGE","Stevenage Rail Station",523448,224090,-0.2071093865,51.9016875339,"RLY"
"9100STFD","Stratford (London) Rail Station",538557,184444,-0.0033966567,51.5418950672,"RLY"
"9100STFDLL","Stratford Low Level Rail Station",538560,184350,-0.0033903983,51.5410496534,"RLY"
"9100STFODOM","Stratford International Rail Station",538175,184760,-0.0087775652,51.5448281956,"RLY"
"9100STFORDI","Stratford International Rail Station",538160,184760,-0.0089937391,51.5448318647,"RLY"
"9100KNTSHTW","Kentish Town West Rail Station",528610,184700,-0.1466554366,51.5465478376,"RLY"
"9100KTON","Kenton Rail Station",516710,188335,-0.3169808531,51.581801537,"RLY"
"9100KXTLSR","Kings Cross Thameslink Rail Station",530481,182980,-0.1203254412,51.530661848,"RLY"
"9100LAINDON","Laindon Rail Station",568118,188190,0.4242890196,51.5675235882,"RLY"
"9100CHTSEY","Chertsey Rail Station",503825,166390,-0.509316546,51.387068859,"RLY"
"9100CLANDON","Clandon Rail Station",504560,152714,-0.5027660291,51.2640052574,"RLY"
"9100CLAPTON","Clapton Rail Station",534780,186540,-0.0570245749,51.5616439327,"RLY"
"9100CLDNNRB","Caledonian Road & Barnsbury Rail Station",530695,184363,-0.116729169,51.5430407954,"RLY"
"9400ZZLUWOP","Woodside Park Underground Station",525725,192580,-0.1854196899,51.6180135839,"MET"
"9400ZZLUWPL","Whitechapel Underground Station",534700,181850,-0.0599711943,51.5195175704,"MET"
"9400ZZLUWCY","White City Underground Station",523320,180720,-0.2242966621,51.5119589265,"MET"
"9400ZZLUWFN","West Finchley Underground Station",525545,191620,-0.18836176,51.6094264037,"MET"
"9400ZZLUWHM","West Ham Underground Station",539185,182930,0.00505519937,51.5281360388,"MET"
"9400ZZDLCGT","Canning Town DLR Station",539439,181378,0.00810075819,51.5141273101,"MET"
"9400ZZDLCLA","Crossharbour DLR Station",537919,179289,-0.0146063027,51.4957282215,"MET"
"9400ZZDLGRE","Greenwich DLR Station",538037,177329,-0.0136731697,51.4780867422,"MET"
"9400ZZDLWFE","Westferry DLR Station",537035,180790,-0.0267499912,51.5094311699,"MET"
"9400ZZDLWHM","West Ham DLR Station",539146,182902,0.00448230604,51.5278940361,"MET"
"9400ZZLUWHP","West Hampstead Underground Station",525531,184633,-0.1910587578,51.5466383841,"MET"
"9400ZZLUWHW","West Harrow Underground Station",514192,188045,-0.353399705,51.5797104016,"MET"
"9400ZZLUWIG","Willesden Green Underground Station",523411,184860,-0.221536634,51.5491456094,"MET"
"9400ZZLUWIM","Wimbledon Underground Station",524797,170658,-0.2065726414,51.4212067524,"MET"
"9400ZZLUWIP","Wimbledon Park Underground Station",525237,172156,-0.1997189059,51.4345725304,"MET"
"9400ZZLUWJN","Willesden Junction Underground Station",521879,182944,-0.2442830214,51.5322588484,"MET"
"9400ZZLUHR5","Heathrow Terminal 5 Underground Station",504940,175645,-0.4905601831,51.4700521799,"MET"
"9400ZZLUHRC","Heathrow Terminals 2 & 3 Underground Station",507597,175832,-0.4522650527,51.4712345348,"MET"
"9400ZZLUHSC","Hammersmith (H&C Line) Underground Station",523320,178670,-0.2250126599,51.49353529,"MET"
"9400ZZLUHSD","Hammersmith (Dist&Picc Line) Underground Station",523420,178535,-0.2236201034,51.4923002253,"MET"
"9400ZZLUWSD","Wanstead Underground Station",540667,188242,0.02852739065,51.5755014437,"MET"
"9400ZZLUWSM","Westminster Underground Station",530250,179709,-0.1248613298,51.5013199088,"MET"
"9400ZZLUWSP","Westbourne Park Underground Station",524907,181777,-0.2010651058,51.5211099185,"MET"
"9400ZZLUWTA","West Acton Underground Station",519371,181298,-0.280979959,51.5180009339,"MET"
"9400ZZDLCUT","Cutty Sark (for Maritime Greenwich) DLR Station",538225,177733,-0.0108097815,51.4816712508,"MET"
"9400ZZLUSKT","South Kenton Underground Station",517332,187062,-0.308432858,51.5702315315,"MET"
"9400ZZLUSKW","Stockwell Underground Station",530487,176473,-0.1226436617,51.4721844944,"MET"
"9400ZZLUGBY","Gunnersbury Underground Station",519836,178394,-0.2752672111,51.4918032349,"MET"
"9400ZZLUMHL","Mill Hill East Underground Station",524051,191450,-0.2099857687,51.6082294521,"MET"
"9400ZZLULBN","Lambeth North Underground Station",531128,179452,-0.112314647,51.4988075399,"MET"
"9400ZZLUWOG","Wood Green Underground Station",531013,190429,-0.1098864898,51.597479032,"MET"
"9400ZZLURSP","Ruislip Underground Station",509466,187011,-0.4218978026,51.5713535646,"MET"
"9400ZZLUCWL","Chigwell Underground Station",543756,193049,0.07504065974,51.6179158034,"MET"
"9400ZZDLCAN","Canary Wharf DLR Station",537448,180290,-0.0209972718,51.5048379094,"MET"
"9400ZZDLCUS","Custom House (for ExCel) DLR Station",540743,180923,0.02669899227,51.5097157106,"MET"
"9400ZZLUHSK","High Street Kensington Underground Station",525536,179561,-0.1927922232,51.5010554814,"MET"
"9400ZZLUHSN","Harlesden Underground Station",520925,183372,-0.257882975,51.536310323,"MET"
"9400ZZLUHTD","Hampstead Underground Station",526375,185766,-0.1784870006,51.5566322737,"MET"
"9400ZZLUHWC","Hounslow Central Underground Station",513548,175968,-0.3665784216,51.471295207,"MET"
"9400ZZLUCKS","Cockfosters Underground Station",528140,196369,-0.1491710867,51.6515196059,"MET"
"9400ZZLUCND","Colindale Underground Station",521320,189959,-0.2499191273,51.5954241446,"MET"
"9400ZZLUCPC","Clapham Common Underground Station",529428,175284,-0.1383173822,51.4617422415,"MET"
"9400ZZALRDK","Emirates Royal Docks",540121,180690,0.01764952393,51.5077764496,"MET"
"9400ZZLUCGN","Covent Garden Underground Station",530246,181019,-0.124435547,51.5130933184,"MET"
"9400ZZLUNHG","Notting Hill Gate Underground Station",525284,180453,-0.1961043018,51.5091277414,"MET"
"9400ZZLUNHT","Northolt Underground Station",513210,184521,-0.3686993536,51.5482355823,"MET"
"9400ZZLUNKP","Northwick Park Underground Station",516644,187964,-0.3180560615,51.5784808377,"MET"
"9400ZZLUNOW","Northwood Underground Station",509237,191423,-0.4238288751,51.6110526399,"MET"
"9400ZZLUNWH","Northwood Hills Underground Station",510257,190279,-0.4094637679,51.6005719462,"MET"
"9400ZZLUCST","Cannon Street Underground Station",532610,180904,-0.0904316553,51.5115104766,"MET"
"9400ZZLUCTN","Camden Town Underground Station",528902,183900,-0.1427395079,51.5392919413,"MET"
"9400ZZLUPYB","Putney Bridge Underground Station",524519,175887,-0.2087307729,51.4682616688,"MET"
"9400ZZLUQBY","Queensbury Underground Station",518809,189762,-0.2862190125,51.5941882997,"MET"
"9400ZZLUBST","Baker Street Underground Station",527950,182050,-0.1571303631,51.5228828321,"MET"
"9400ZZLUBTK","Burnt Oak Underground Station",520322,190753,-0.2640478581,51.6027738031,"MET"
"9400ZZLUBTX","Brent Cross Underground Station",523885,187932,-0.2136224664,51.5766498928,"MET"
"9400ZZLUBWR","Bow Road Underground Station",537095,182740,-0.0251280863,51.5269395094,"MET"
"9400ZZLUNWY","North Wembley Underground Station",517659,186215,-0.3040001347,51.5625511147,"MET"
"9400ZZLUOAK","Oakwood Underground Station",529327,195977,-0.1321679296,51.6477253768,"MET"
"9400ZZLURSQ","Russell Square Underground Station",530228,182129,-0.1242850128,51.5230726063,"MET"
"9400ZZLURVP","Ravenscourt Park Underground Station",522564,178717,-0.2358806879,51.4941219217,"MET"
"9400ZZLURVY","Roding Valley Underground Station",541585,192908,0.04364707233,51.6171986293,"MET"
"9400ZZLURYL","Rayners Lane Underground Station",512975,187510,-0.3711274279,51.5751469699,"MET"
"9400ZZLURYO","Royal Oak Underground Station",525767,181576,-0.1887479358,51.5191128906,"MET"
"9400ZZLUSBC","Shepherd's Bush (Central) Underground Station",523721,179886,-0.2188134007,51.504376103,"MET"
"9400ZZLUSBM","Shepherd's Bush Market Underground Station",523193,180007,-0.2263747022,51.505578775,"MET"
"9400ZZLUSEA","South Ealing Underground Station",517580,179365,-0.3074241501,51.5010033146,"MET"
"9400ZZLUSFB","Stamford Brook Underground Station",521880,178789,-0.245703757,51.4949167279,"MET"
"9400ZZLUSFS","Southfields Underground Station",524730,173312,-0.2066019127,51.4450734108,"MET"
"9400ZZLUSGN","Stepney Green Underground Station",535621,182135,-0.0465955651,51.5218584612,"MET"
"9400ZZRLHHL","Haste Hill (Ruislip Lido Railway)",508913,189802,-0.4290089829,51.5965459241,"MET"
"9400ZZRLWBY","Woody Bay (Ruislip Lido Railway)",509063,189009,-0.4270905012,51.5893895056,"MET"
"9400ZZSLGRM","Groombridge (Spa Valley Railway)",553238,137032,0.18777233156,51.1121014899,"MET"
"9400ZZSLHRK","High Rocks (Spa Valley Railway)",555794,138256,0.22478629855,51.1224109229,"MET"
"9400ZZDLRAL","Royal Albert DLR Station",542082,180809,0.04593477643,51.508356537,"MET"
"9400ZZDLRVC","Royal Victoria DLR Station",540175,180865,0.01849660984,51.5093355958,"MET"
"9400ZZDLSHA","Shadwell DLR Station",534954,180986,-0.056643072,51.5116928671,"MET"
"9400ZZLUUPY","Upney Underground Station",545844,184256,0.10153017727,51.5383715771,"MET"
"9400ZZLUUXB","Uxbridge Underground Station",505639,184172,-0.4779487088,51.5465653326,"MET"
"9400ZZLUVIC","Victoria Underground Station",528998,179125,-0.1431021624,51.4963585093,"MET"
"9400ZZLUVXL","Vauxhall Underground Station",530340,177978,-0.1242041146,51.4857432909,"MET"
"9400ZZLUWAF","Watford Underground Station",509572,196592,-0.4173767173,51.6574456932,"MET"
"9400ZZLUWBN","West Brompton Underground Station",525379,178023,-0.1955987962,51.4872682756,"MET"
"9400ZZLUCPK","Canons Park Underground Station",518187,191251,-0.2946929441,51.6077011271,"MET"
"9400ZZLUCPN","Clapham North Underground Station",529995,175676,-0.1300162647,51.465135225,"MET"
"9400ZZLUCPS","Clapham South Underground Station",528810,174257,-0.1475819727,51.4526536157,"MET"
"9400ZZLUCSD","Colliers Wood Underground Station",526786,170368,-0.1780861199,51.418159542,"MET"
"9400ZZLUCSM","Chesham Underground Station",496070,201635,-0.6111154274,51.7052421262,"MET"
"9400ZZLULNB","London Bridge Underground Station",532735,180263,-0.0888725001,51.5057208418,"MET"
"9400ZZLULRD","Latimer Road Underground Station",523767,180890,-0.2177989142,51.513389087,"MET"
"9400ZZLUKWG","Kew Gardens Underground Station",519182,176738,-0.2852412904,51.477058103,"MET"
"9400ZZLULAD","Ladbroke Grove Underground Station",524270,181354,-0.2103905984,51.5174487725,"MET"
"9400ZZDLELV","Elverson Road DLR Station",537852,176321,-0.0167283466,51.4690738126,"MET"
"9400ZZCRLEB","Lebanon Road Tram Stop",533383,165756,-0.0850022855,51.3752010365,"MET"
"9400ZZCRLOY","Lloyd Park Tram Stop",533709,164549,-0.0807749024,51.364277583,"MET"
"9400ZZLUFPK","Finsbury Park Underground Station",531321,186729,-0.1068247308,51.5641576118,"MET"
"9400ZZLUFYC","Finchley Central Underground Station",525280,190667,-0.1925268052,51.60092093,"MET"
"9400ZZLUFYR","Finchley Road Underground Station",526308,184673,-0.1798450343,51.5468246463,"MET"
"9400ZZLUKSL","Kensal Green Underground Station",523220,182785,-0.2250155418,51.5305391145,"MET"
"9400ZZLUNFD","Northfields Underground Station",517078,179166,-0.3147190363,51.4993188872,"MET"
"9400ZZDLPDK","Pontoon Dock DLR Station",541142,180099,0.03211518016,51.502211982,"MET"
"9400ZZDLMUD","Mudchute DLR Station",537925,178730,-0.0147381836,51.4907035449,"MET"
"9400ZZLUACT","Acton Town Underground Station",519446,179637,-0.2804617065,51.5030570349,"MET"
"9400ZZLUTCR","Tottenham Court Road Underground Station",529822,181379,-0.1304097865,51.5164260068,"MET"
"9400ZZLUTFP","Tufnell Park Underground Station",529151,185857,-0.1384334521,51.5568219358,"MET"
"9400ZZLUBSC","Barons Court Underground Station",524133,178331,-0.2134269042,51.4903109204,"MET"
"9400ZZLUMDN","Morden Underground Station",525665,168558,-0.1948393036,51.4021421928,"MET"
"9400ZZDLWLA","Woolwich Arsenal DLR Station",543749,178814,0.0691265014,51.4900090478,"MET"
"9400ZZDLWSV","West Silvertown DLR Station",540470,180150,0.02246011387,51.5028375227,"MET"
"9400ZZLUHNX","Hatton Cross Underground Station",509627,175376,-0.4231912432,51.4667467162,"MET"
"9400ZZLUHOH","Harrow-on-the-Hill Underground Station",515314,188013,-0.3372250328,51.5791946068,"MET"
"9400ZZLUHPC","Hyde Park Corner Underground Station",528331,179851,-0.152441461,51.5030345791,"MET"
"9400ZZLUPVL","Perivale Underground Station",516377,183311,-0.3234459132,51.5367170449,"MET"
"9400ZZLUSGP","Stonebridge Park Underground Station",519656,184193,-0.275891781,51.5439590581,"MET"
"9400ZZLUSGT","Southgate Underground Station",529672,194271,-0.1278158778,51.6323151236,"MET"
"9400ZZLUSHH","South Harrow Underground Station",514292,186398,-0.3524924119,51.5648875258,"MET"
"9400ZZLUGPS","Great Portland Street Underground Station",528840,182179,-0.1442620463,51.5238399834,"MET"
"9400ZZLUGTH","Gants Hill Underground Station",543273,188431,0.06618472427,51.5765439999,"MET"
"9400ZZLUGTR","Gloucester Road Underground Station",526258,178829,-0.1826576465,51.4943163798,"MET"
"9400ZZLUHAI","Highbury & Islington Underground Station",531615,184755,-0.1033237793,51.5463498946,"MET"
"9400ZZLUHAW","Harrow & Wealdstone Underground Station",515420,189470,-0.335217428,51.5922677706,"MET"
"9400ZZLUHBN","Holborn Underground Station",530508,181525,-0.1204749109,51.5175801347,"MET"
"9400ZZDLHEQ","Heron Quays DLR Station",537423,180127,-0.0214206992,51.5033792505,"MET"
"9400ZZDLISL","Island Gardens DLR Station",538253,178417,-0.0101392462,51.4878108796,"MET"
"9400ZZLUODS","Old Street Underground Station",532753,182505,-0.0877696729,51.5258641938,"MET"
"9400ZZLUOSY","Osterley Underground Station",514520,177100,-0.3522236227,51.4812736843,"MET"
"9400ZZLUOVL","Oval Underground Station",531168,177566,-0.1124388934,51.4818495524,"MET"
"9400ZZLUBOR","Borough Underground Station",532436,179752,-0.0933697758,51.5011988359,"MET"
"9400ZZLUBOS","Boston Manor Underground Station",516378,178740,-0.3249392349,51.495634566,"MET"
"9400ZZLULSQ","Leicester Square Underground Station",529974,180822,-0.1284256103,51.5113855295,"MET"
"9400ZZLULVT","Liverpool Street Underground Station",533096,181569,-0.08318156,51.5173722694,"MET"
"9400ZZLUSNB","Snaresbrook Underground Station",540160,188804,0.02144001964,51.5806776017,"MET"
"9400ZZLUSPU","St. Paul's Underground Station",532105,181272,-0.0975668007,51.5149356912,"MET"
"9400ZZLUSRP","South Ruislip Underground Station",511094,185433,-0.3989152352,51.5568526443,"MET"
"9400ZZLUSSQ","Sloane Square Underground Station",528088,178647,-0.1563772329,51.4922695335,"MET"
"9400ZZLUSTD","Stratford Underground Station",538553,184434,-0.0034582324,51.5418061889,"MET"
"9400ZZLUSTM","Stanmore Underground Station",517562,192587,-0.303266433,51.6198389226,"MET"
"9400ZZLUHWT","Hounslow West Underground Station",512156,176179,-0.3865443099,51.473469004,"MET"
"9400ZZLUHWY","Holloway Road Underground Station",530909,185443,-0.113243537,51.5526966781,"MET"
"9400ZZLUICK","Ickenham Underground Station",508095,185940,-0.4420012516,51.5619916156,"MET"
"9400ZZDLABR","Abbey Road DLR Station",539082,183349,0.00373667934,51.5319264928,"MET"
"9400ZZDLALL","All Saints DLR Station",537975,180990,-0.0131353447,51.5109998404,"MET"
"9400ZZDLBEC","Beckton DLR Station",543140,181507,0.0614525658,51.5143617299,"MET"
"9400ZZBBKNG","Kingscote (Bluebell Railway)",536744,135562,-0.0482614466,51.1030603757,"MET"
"9400ZZLUTHB","Theydon Bois Underground Station",545525,199092,0.10308541299,51.6717591178,"MET"
"9400ZZDLBLA","Blackwall DLR Station",538412,180667,-0.0069688247,51.5079905769,"MET"
"9400ZZDLBNK","Bank DLR Station",532738,181099,-0.0885148771,51.5132328036,"MET"
"9400ZZDLBOW","Bow Church DLR Station",537383,182850,-0.0209362778,51.5278580472,"MET"
"9400ZZDLBPK","Beckton Park DLR Station",542705,180875,0.05493237097,51.5087927423,"MET"
"9400ZZLUSWK","Southwark Underground Station",531625,180040,-0.1049396964,51.5039762244,"MET"
"9400ZZLUSWN","South Wimbledon Underground Station",525826,170027,-0.1920053392,51.4153086232,"MET"
"9400ZZLUKEN","Kenton Underground Station",516715,188330,-0.3169103845,51.5817555653,"MET"
"9400ZZLUKNB","Knightsbridge Underground Station",527775,179685,-0.1605077494,51.5016686188,"MET"
"9400ZZLUKNG","Kennington Underground Station",531599,178299,-0.1059627615,51.4883366876,"MET"
"9400ZZLUKOY","Kensington (Olympia) Underground Station",524350,179150,-0.2100146619,51.4976237071,"MET"
"9400ZZLUKPK","Kilburn Park Underground Station",525343,183331,-0.1942317611,51.5349791497,"MET"
"9400ZZLUKSH","Kentish Town Underground Station",529010,185129,-0.1407329651,51.5503118936,"MET"
"9400ZZCRARA","Arena Tram Stop",535190,167620,-0.0583471954,51.3915248414,"MET"
"9400ZZCRAVE","Avenue Road Tram Stop",535762,169335,-0.0494755915,51.4068000884,"MET"
"9400ZZCRBED","Beddington Lane Tram Stop",529365,167215,-0.1421670818,51.3892418129,"MET"
"9400ZZCRBEK","Beckenham Junction Tram Stop",537355,169815,-0.0264010718,51.4107302696,"MET"
"9400ZZCRBGV","Belgrave Walk Tram Stop",526804,168455,-0.1785107624,51.4009632849,"MET"
"9400ZZLUCHL","Chancery Lane Underground Station",531123,181615,-0.1115830707,51.518246639,"MET"
"9400ZZLUCHX","Charing Cross Underground Station",530065,180382,-0.127277175,51.5074104862,"MET"
"9400ZZLUOXC","Oxford Circus Underground Station",529028,181225,-0.1419026719,51.5152237918,"MET"
"9400ZZLUPAC","Paddington Underground Station",526680,181317,-0.175689276,51.5165814688,"MET"
"9400ZZLUPAH","Paddington (H&C Line)-Underground",526494,181491,-0.1783060466,51.5181868268,"MET"
"9400ZZLUTAW","Totteridge & Whetstone Underground Station",526120,193990,-0.1792101889,51.6305965914,"MET"
"9400ZZLUDGE","Dagenham East Underground Station",550297,185023,0.16601658416,51.5440960071,"MET"
"9400ZZLUDGY","Dagenham Heathway Underground Station",549023,184712,0.14752678668,51.5416392022,"MET"
"9400ZZLUDOH","Dollis Hill Underground Station",522188,185143,-0.2390677639,51.5519548708,"MET"
"9400ZZLUEAC","Elephant & Castle Underground Station",531953,178998,-0.100606015,51.4945358577,"MET"
"9400ZZLUEAE","Eastcote Underground Station",511153,187621,-0.3973732557,51.576506433,"MET"
"9400ZZLUEAN","East Acton Underground Station",521715,181199,-0.2472484789,51.5166115037,"MET"
"9400ZZLUEBY","Ealing Broadway Underground Station",517958,180933,-0.3014569144,51.5150170329,"MET"
"9400ZZDLPOP","Poplar DLR Station",537690,180620,-0.0173839771,51.5077444575,"MET"
"9400ZZDLPRE","Prince Regent DLR Station",541262,180887,0.03415825712,51.5092628283,"MET"
"9400ZZDLPUD","Pudding Mill Lane DLR Station",537931,183582,-0.0127551938,51.5343023349,"MET"
"9400ZZLUWWL","Walthamstow Central Underground Station",537290,188980,-0.0198851101,51.582964893,"MET"
"9400ZZLUTNG","Turnham Green Underground Station",521265,178800,-0.2545546586,51.4951477075,"MET"
"9400ZZLUNGW","North Greenwich Underground Station",539216,179852,0.00428727623,51.5004697031,"MET"
"9400ZZLUNHA","North Harrow Underground Station",513555,188605,-0.3624077856,51.5848720527,"MET"
"9400ZZLURGP","Regent's Park Underground Station",528690,182120,-0.1464444955,51.523343934,"MET"
"9400ZZLURKW","Rickmansworth Underground Station",505716,194592,-0.4737028726,51.6402072799,"MET"
"9400ZZCRGRA","Gravel Hill Tram Stop",536357,163536,-0.0431503202,51.3545453747,"MET"
"9400ZZLUCWP","Chiswick Park Underground Station",520335,178720,-0.2679720681,51.4946272403,"MET"
"9400ZZLUCWR","Canada Water Underground Station",535475,179470,-0.0497216721,51.4979451573,"MET"
"9400ZZLUCXY","Croxley Underground Station",507913,195399,-0.4417180652,51.6470437401,"MET"
"9400ZZLUWLA","Wood Lane Underground Station",523310,180465,-0.2245297895,51.5096693896,"MET"
"9400ZZLUWLO","Waterloo Underground Station",530944,179947,-0.1147803088,51.503298516,"MET"
"9400ZZLUCYF","Canary Wharf Underground Station",537643,180145,-0.0182459892,51.503487513,"MET"
"9400ZZLUPLW","Plaistow Underground Station",540035,183310,0.01745135068,51.5313406971,"MET"
"9400ZZLUPNR","Pinner Underground Station",512236,189469,-0.3811612525,51.5929014203,"MET"
"9400ZZLUMSH","Mansion House Underground Station",532360,180965,-0.0940092252,51.5121172167,"MET"
"9400ZZLUMTC","Mornington Crescent Underground Station",529189,183394,-0.1387890771,51.5346791406,"MET"
"9400ZZRLWLN","Willow Lawn (Ruislip Lido Railway)",508678,189251,-0.432570807,51.5916389016,"MET"
"9400ZZLUTBC","Tooting Bec Underground Station",528013,172348,-0.1597356707,51.4356781958,"MET"
"9400ZZLUTBY","Tooting Broadway Underground Station",527435,171438,-0.1683735721,51.4276302361,"MET"
"9400ZZALGWP","Emirates Greenwich Peninsula",539500,179760,0.00833980739,51.4995730408,"MET"
"9400ZZLUHBT","High Barnet Underground Station",525021,196182,-0.194297696,51.6505406609,"MET"
"9400ZZLUHCH","Hornchurch Underground Station",553945,186245,0.21911618412,51.5540928024,"MET"
"9400ZZLUHCL","Hendon Central Underground Station",522980,188650,-0.2264244769,51.5833005518,"MET"
"9400ZZLUHGD","Hillingdon Underground Station",507572,185008,-0.4498279636,51.5537146112,"MET"
"9400ZZLUKBN","Kilburn Underground Station",524626,184629,-0.2041046342,51.5468028353,"MET"
"9400ZZLUKBY","Kingsbury Underground Station",519348,188735,-0.2787904322,51.5848445625,"MET"
"9400ZZDLLDP","Langdon Park DLR Station",537892,181452,-0.014150076,51.515171634,"MET"
"9400ZZDLLEW","Lewisham DLR Station",538133,175838,-0.0128739696,51.4646650629,"MET"
"9400ZZDLLIM","Limehouse DLR Station",536120,181095,-0.0398089566,51.5123929146,"MET"
"9400ZZCRBIR","Birkbeck Tram Stop",535332,168986,-0.055787097,51.4037665038,"MET"
"9400ZZCRBLA","Blackhorse Lane Tram Stop",534360,166845,-0.0705622116,51.3847572364,"MET"
"9400ZZCRBRD","Beckenham Road Tram Stop",536175,169650,-0.0434205779,51.4095318654,"MET"
"9400ZZCRCEN","George Street Tram Stop",532430,165595,-0.0987463691,51.3739770571,"MET"
"9400ZZCRCHR","Church Street Tram Stop",532040,165555,-0.1043611065,51.3737083325,"MET"
"9400ZZCRCOO","Coombe Lane Tram Stop",535199,164089,-0.0595601969,51.3597913976,"MET"
"9400ZZCRCTR","Centrale Tram Stop",532065,165785,-0.1039167414,51.3757694715,"MET"
"9400ZZCRDDR","Dundonald Road Tram Stop",524730,170250,-0.2076791621,51.4175547138,"MET"
"9400ZZLULGT","Lancaster Gate Underground Station",526707,180777,-0.1754942814,51.5117225046,"MET"
"9400ZZCRADD","Addiscombe Tram Stop",534188,166290,-0.0732419215,51.3798103512,"MET"
"9400ZZCRADV","Addington Village Tram Stop",537080,163744,-0.0326937224,51.3562407295,"MET"
"9400ZZCRAMP","Ampere Way Tram Stop",530673,166476,-0.1236510803,51.3823011562,"MET"
"9400ZZLUHPK","Holland Park Underground Station",524625,180216,-0.205678864,51.5071433998,"MET"
"9400ZZLUHR4","Heathrow Terminal 4 Underground Station",508078,174428,-0.445771378,51.4585235214,"MET"
"9400ZZLUWKA","Warwick Avenue Underground Station",526100,182046,-0.1837830519,51.5232625693,"MET"
"9400ZZLUWKN","West Kensington Underground Station",524604,178359,-0.2066364901,51.490459063,"MET"
"9400ZZLUPCC","Piccadilly Circus Underground Station",529605,180664,-0.1337980057,51.5100503178,"MET"
"9400ZZLUPCO","Pimlico Underground Station",529667,178334,-0.13376065,51.4890971219,"MET"
"9400ZZLUPKR","Park Royal Underground Station",519114,182307,-0.2843413651,51.5271234124,"MET"
"9400ZZLUBBN","Barbican Underground Station",532060,181865,-0.097992938,51.5202751843,"MET"
"9400ZZLUBDS","Bounds Green Underground Station",529992,191466,-0.1242347139,51.6070343405,"MET"
"9400ZZLUBEC","Becontree Underground Station",547605,184525,0.12701601897,51.5403312647,"MET"
"9400ZZLULYN","Leyton Underground Station",538365,186074,-0.0055229775,51.5565892048,"MET"
"9400ZZLULYS","Leytonstone Underground Station",539280,187405,0.00819380243,51.5683243913,"MET"
"9400ZZLUMBA","Marble Arch Underground Station",527850,180995,-0.1589533166,51.5134243935,"MET"
"9400ZZDLWIQ","West India Quay DLR Station",537489,180535,-0.0203114837,51.507029536,"MET"
"9400ZZLUERB","Edgware Road (Bakerloo) Underground Station",527054,181740,-0.1701498114,51.5202989934,"MET"
"9400ZZLUERC","Edgware Road (Circle Line) Underground Station",527216,181695,-0.1678324012,51.5198581575,"MET"
"9400ZZBBHDK","Horsted Keynes (Bluebell Railway)",537160,129240,-0.0447197973,51.0461460651,"MET"
"9400ZZCRHAR","Harrington Road Tram Stop",535000,168535,-0.0607286051,51.3997926564,"MET"
"9400ZZCRKGH","King Henry's Drive Tram Stop",537976,162558,-0.020293372,51.3453662605,"MET"
"9400ZZLUMMT","Monument Underground Station",532922,180822,-0.0859691969,51.5107003449,"MET"
"9400ZZLUMPK","Moor Park Underground Station",508595,193500,-0.4324535969,51.629844595,"MET"
"9400ZZLUMRH","Manor House Underground Station",532044,187480,-0.0961182618,51.5707377324,"MET"
"9400ZZDLSHS","Stratford High Street DLR Station",538729,184037,-0.0010783029,51.538195583,"MET"
"9400ZZDLSIT","Stratford International DLR Station",538114,184807,-0.0096382416,51.5452654544,"MET"
"9400ZZDLSOQ","South Quay DLR Station",537800,179767,-0.0161329332,51.5000525571,"MET"
"9400ZZDLSTD","Stratford DLR Station",538565,184429,-0.0032872721,51.541758316,"MET"
"9400ZZDLSTL","Star Lane DLR Station",539145,182111,0.00415576624,51.5207864192,"MET"
"9400ZZLUMVL","Maida Vale Underground Station",525945,182767,-0.1857584837,51.5297766859,"MET"
"9400ZZLUMYB","Marylebone Underground Station",527530,181977,-0.1632072607,51.522321698,"MET"
"9400ZZLUNAN","North Acton Underground Station",520829,181947,-0.2597548369,51.5235240049,"MET"
"9400ZZLUNBP","Newbury Park Underground Station",544926,188387,0.09000412689,51.5757264694,"MET"
"9400ZZLUNDN","Neasden Underground Station",521436,185351,-0.2498367082,51.5539864035,"MET"
"9400ZZLUNEN","North Ealing Underground Station",518825,181230,-0.2888682053,51.5175047906,"MET"
"9400ZZLUDBN","Debden Underground Station",544274,196121,0.08378217606,51.6453862717,"MET"
"9400ZZLUAMS","Amersham Underground Station",496371,198179,-0.607714193,51.6741262729,"MET"
"9400ZZLUASG","Arnos Grove Underground Station",529354,192497,-0.1330624242,51.6164462218,"MET"
"9400ZZLUASL","Arsenal Underground Station",531293,186116,-0.1074571749,51.5586554253,"MET"
"9400ZZLUBWT","Bayswater Underground Station",525842,180818,-0.1879379273,51.5122841035,"MET"
"9400ZZLUBXN","Brixton Underground Station",531053,175423,-0.1148880937,51.462617828,"MET"
"9400ZZLUBZP","Belsize Park Underground Station",527352,185087,-0.1646475586,51.5503107524,"MET"
"9400ZZLUCAL","Chalfont & Latimer Underground Station",499636,197559,-0.5606893075,51.6679845483,"MET"
"9400ZZLUCAR","Caledonian Road Underground Station",530557,184969,-0.1184933771,51.5485185499,"MET"
"9400ZZLUCFM","Chalk Farm Underground Station",528150,184418,-0.15338818,51.5441181328,"MET"
"9400ZZLUCGT","Canning Town Underground Station",539456,181318,0.00832187298,51.513583963,"MET"
"9400ZZLUKSX","King's Cross St. Pancras Underground Station",530282,182975,-0.1231944982,51.5306628239,"MET"
"9400ZZDLCYP","Cyprus DLR Station",543330,180857,0.06392480326,51.508472957,"MET"
"9400ZZDLDEP","Deptford Bridge DLR Station",537440,176882,-0.0224381324,51.4742151684,"MET"
"9400ZZDLDEV","Devons Road DLR Station",537629,182279,-0.0176152002,51.5226671709,"MET"
"9400ZZDLEIN","East India DLR Station",538730,180828,-0.0023263659,51.5093594104,"MET"
"9400ZZLUWYC","Wembley Central Underground Station",518181,185087,-0.2968518702,51.5523042983,"MET"
"9400ZZSLERG","Eridge (Spa Valley Railway)",554274,134498,0.20147887709,51.0890546881,"MET"
"9400ZZLUBKE","Barkingside Underground Station",544796,189492,0.08858469981,51.5856886712,"MET"
"9400ZZLUBKF","Blackfriars Underground Station",531692,180888,-0.1036585383,51.5115812033,"MET"
"9400ZZLUCYD","Chorleywood Underground Station",502587,196102,-0.5184609668,51.654358298,"MET"
"9400ZZLUHWE","Hounslow East Underground Station",514245,176197,-0.3564737938,51.4732132586,"MET"
"9400ZZDLLCA","London City Airport DLR Station",542292,180265,0.04873939763,51.5034155217,"MET"
"9400ZZLUPRD","Preston Road Underground Station",518251,187277,-0.2951067807,51.5719720211,"MET"
"9400ZZLUPSG","Parsons Green Underground Station",525025,176680,-0.2011696041,51.4752769584,"MET"
"9400ZZLUHGR","Hanger Lane Underground Station",518526,182633,-0.2927038479,51.5301769114,"MET"
"9400ZZLUHGT","Highgate Underground Station",528578,188147,-0.1458570705,51.5775321383,"MET"
"9400ZZLUHLT","Hainault Underground Station",545078,191500,0.09348168901,51.6036587157,"MET"
"9400ZZLUSJP","St. James's Park Underground Station",529648,179496,-0.1336076756,51.499544019,"MET"
"9400ZZLUSJW","St. John's Wood Underground Station",526751,183315,-0.1739483795,51.5345212966,"MET"
"9400ZZLUSKS","South Kensington Underground Station",526850,178819,-0.1741381798,51.4940941211,"MET"
"9400ZZLUEFY","East Finchley Underground Station",527224,189181,-0.1650118086,51.5871313415,"MET"
"9400ZZLUEGW","Edgware Underground Station",519540,191945,-0.2749277303,51.6136529319,"MET"
"9400ZZLUEHM","East Ham Underground Station",542351,184221,0.05118563786,51.5389479853,"MET"
"9400ZZLUEMB","Embankment Underground Station",530386,180351,-0.1226659825,51.5070579969,"MET"
"9400ZZLUEPG","Epping Underground Station",546193,201551,0.11376739303,51.6936801064,"MET"
"9400ZZLUEPK","Elm Park Underground Station",552540,185722,0.19863990721,51.5497750878,"MET"
"9400ZZLUEPY","East Putney Underground Station",524386,174876,-0.2109998909,51.4592048998,"MET"
"9400ZZCRMCH","Mitcham Tram Stop",527343,168082,-0.1709003008,51.3974904905,"MET"
"9400ZZCRMDN","Morden Road Tram Stop",525786,169310,-0.1928343387,51.4088737236,"MET"
"9400ZZCRMJT","Mitcham Junction Tram Stop",528235,167590,-0.158262954,51.3928681643,"MET"
"9400ZZCRMTP","Merton Park Tram Stop",525190,169820,-0.201219217,51.4135889386,"MET"
"9400ZZCRNWA","New Addington Tram Stop",538185,162255,-0.0174119397,51.3425926774,"MET"
"9400ZZCRPHI","Phipps Bridge Tram Stop",526533,168717,-0.182311078,51.4033783596,"MET"
"9400ZZCRRVC","Reeves Corner Tram Stop",531893,165726,-0.1064084155,51.3752791995,"MET"
"9400ZZCRSAN","Sandilands Tram Stop",533868,165749,-0.0780408669,51.3750240892,"MET"
"9400ZZCRTPA","Therapia Lane Tram Stop",530288,166844,-0.1290453851,51.3856967335,"MET"
"9400ZZCRWAD","Waddon Marsh Tram Stop",531080,165905,-0.1180164725,51.3770759422,"MET"
"9400ZZCRWAN","Wandle Park Tram Stop",531420,165505,-0.1132819576,51.3734027018,"MET"
"9400ZZCRWCR","West Croydon Tram Stop",532210,166145,-0.101700815,51.3789709731,"MET"
"9400ZZCRWEL","Wellesley Road Tram Stop",532509,165752,-0.0975535456,51.3753695543,"MET"
"9400ZZCRWMB","Wimbledon Tram Stop",524850,170642,-0.2058164339,51.4210512977,"MET"
"9400ZZCRWOD","Woodside Tram Stop",534715,167115,-0.0653614585,51.3870995222,"MET"
"9400ZZLUSUH","Sudbury Hill Underground Station",515425,185540,-0.3364353015,51.5569456647,"MET"
"9400ZZLUSUT","Sudbury Town Underground Station",516875,184891,-0.3157447562,51.5508145294,"MET"
"9400ZZLUSVS","Seven Sisters Underground Station",533638,188923,-0.0725836565,51.5833296929,"MET"
"9400ZZLUSWC","Swiss Cottage Underground Station",526660,184332,-0.1748940673,51.5436813159,"MET"
"9400ZZLUSWF","South Woodford Underground Station",540534,190064,0.02733804761,51.5919065377,"MET"
"9400ZZLUBBB","Bromley-by-Bow Underground Station",538044,182532,-0.0115382373,51.524839443,"MET"
"9400ZZCRECR","East Croydon Tram Stop",532868,165705,-0.092416207,51.3748633586,"MET"
"9400ZZCRELM","Elmers End Tram Stop",535781,168409,-0.0495566651,51.3984741384,"MET"
"9400ZZCRFLD","Fieldway Tram Stop",537663,163212,-0.0245318838,51.3513191619,"MET"
"9400ZZLUESQ","Euston Square Underground Station",529420,182390,-0.1358290935,51.5256036822,"MET"
"9400ZZLUEUS","Euston Underground Station",529555,182660,-0.1337849939,51.5279991526,"MET"
"9400ZZLUFBY","Fulham Broadway Underground Station",525411,177224,-0.1954216441,51.4800805537,"MET"
"9400ZZLUFCN","Farringdon Underground Station",531580,181850,-0.1049127657,51.5202523029,"MET"
"9400ZZLUFLP","Fairlop Underground Station",544932,190601,0.09100388832,51.5956184752,"MET"
"9400ZZDLGAL","Gallions Reach DLR Station",543858,180924,0.07155500447,51.5089409373,"MET"
"9400ZZLUBKG","Barking Underground Station",544421,184321,0.08105322527,51.5393211798,"MET"
"9400ZZLUBKH","Buckhurst Hill Underground Station",541771,193960,0.04675715207,51.6266046392,"MET"
"9400ZZLUBLG","Bethnal Green Underground Station",534987,182715,-0.0555061319,51.5272222234,"MET"
"9400ZZLUBLM","Balham Underground Station",528460,173206,-0.1529974723,51.4432878591,"MET"
"9400ZZLUBLR","Blackhorse Road Underground Station",535805,189380,-0.0411500067,51.5869187911,"MET"
"9400ZZLUBMY","Bermondsey Underground Station",534500,179445,-0.0637685138,51.4979531101,"MET"
"9400ZZLUBND","Bond Street Underground Station",528488,181109,-0.1497227642,51.5143042862,"MET"
"9400ZZLUBNK","Bank Underground Station",532707,181119,-0.0889538266,51.5134198079,"MET"
"9400ZZDLKGV","King George V DLR Station",543260,180135,0.06262382691,51.5020030717,"MET"
"9400ZZLUMED","Mile End Underground Station",536510,182522,-0.0336400836,51.5251221245,"MET"
"9400ZZLUMGT","Moorgate Underground Station",532737,181649,-0.0883223493,51.5181755756,"MET"
"9400ZZSLTWW","Tunbridge Wells West (Spa Valley Railway)",557763,138447,0.25298200701,51.1235886935,"MET"
"9400ZZLUACY","Archway Underground Station",529377,186826,-0.134819061,51.5654782149,"MET"
"9400ZZLUADE","Aldgate East Underground Station",533852,181329,-0.07238358,51.5150370847,"MET"
"9400ZZLUAGL","Angel Underground Station",531476,183224,-0.1058984981,51.5326239586,"MET"
"9400ZZLUALD","Aldgate Underground Station",533625,181235,-0.0756886069,51.514246054,"MET"
"9400ZZLUALP","Alperton Underground Station",518020,183784,-0.2996095182,51.5406273467,"MET"
"9400ZZLULGN","Loughton Underground Station",542328,195627,0.05547566004,51.641442932,"MET"
"9400ZZDLTWG","Tower Gateway DLR Station",533696,180833,-0.0748183405,51.5106167536,"MET"
"9400ZZLUGDG","Goodge Street Underground Station",529536,181836,-0.1343614217,51.5205985035,"MET"
"9400ZZLUGFD","Greenford Underground Station",514795,183910,-0.3460500694,51.5424242424,"MET"
"9400ZZLUGGH","Grange Hill Underground Station",544949,192578,0.09206560615,51.6133780562,"MET"
"9400ZZLUGGN","Golders Green Underground Station",525254,187477,-0.1940391439,51.5722586321,"MET"
"9400ZZLUGHK","Goldhawk Road Underground Station",523179,179609,-0.2267151739,51.5020049389,"MET"
"9400ZZLUGPK","Green Park Underground Station",528990,180303,-0.1427870026,51.5069467068,"MET"
"9400ZZLURMD","Richmond Underground Station",518100,175175,-0.3013358511,51.4632372479,"MET"
"9400ZZLURSG","Ruislip Gardens Underground Station",510267,185847,-0.4107096678,51.5607357307,"MET"
"9400ZZLURSM","Ruislip Manor Underground Station",510080,187230,-0.4129734305,51.5732024981,"MET"
"9400ZZGWNTH","Gatwick North Terminal Shuttle Station",527611,141777,-0.1764360362,51.1610214137,"MET"
"9400ZZGWSTH","Gatwick South Terminal Shuttle Station",528661,141385,-0.1615684611,51.1572634204,"MET"
"9400ZZLUWRP","West Ruislip Underground Station",508362,186802,-0.4378855233,51.5696881069,"MET"
"9400ZZLUWRR","Warren Street Underground Station",529249,182313,-0.1383208485,51.5249508336,"MET"
"9400ZZLUQPS","Queen's Park Underground Station",524628,183222,-0.2045735233,51.5341577103,"MET"
"9400ZZLUQWY","Queensway Underground Station",525902,180600,-0.1871515324,51.5103115961,"MET"
"9400ZZLURBG","Redbridge Underground Station",541831,188357,0.0453596401,51.5762433983,"MET"
"9400ZZLUWYP","Wembley Park Underground Station",519372,186327,-0.2792616435,51.563198091,"MET"
"9400ZZLUWOF","Woodford Underground Station",540947,191744,0.03397047802,51.6068993403,"MET"
"9400ZZLUTPN","Turnpike Lane Underground Station",531514,189640,-0.1029529717,51.5902721345,"MET"
"9400ZZLUTWH","Tower Hill Underground Station",533578,180758,-0.0765460904,51.5099706579,"MET"
"9400ZZLUUPB","Upminster Bridge Underground Station",555087,186777,0.23580943092,51.5585600619,"MET"
"9400ZZLUUPK","Upton Park Underground Station",541258,183789,0.03526306699,51.5353404896,"MET"
"9400ZZLUUPM","Upminster Underground Station",556130,186865,0.25088179465,51.5590632096,"MET"
"9400ZZLUTMH","Tottenham Hale Underground Station",534479,189477,-0.0602408497,51.5881081686,"MET"
"9400ZZLUTMP","Temple Underground Station",530958,180805,-0.1142603924,51.5110057608,"MET"
"9400ZZLUECM","Ealing Common Underground Station",518886,180412,-0.2882650825,51.5101402544,"MET"
"9400ZZLUECT","Earl's Court Underground Station",525520,178560,-0.1933783431,51.4920630494,"MET"
"9400ZZNEUGST","Nine Elms Underground Station",530060,177322,-0.1284757978,51.4799124252,"MET"
"9400ZZBPSUST","Battersea Power Station Underground Station",529111,177300,-0.1421420563,51.4799319192,"MET"