name,atco_code,easting,northing,longitude,latitude,stop_type
Abbey Road DLR Station,9400ZZDLABR,539082,183349,0.003736679,51.53192649,MET
Abbey Wood (London) Rail Station,9100ABWD,547374,179035,0.121394115,51.49106247,RLY
Acton Central Rail Station,9100ACTNCTL,520645,180295,-0.262970615,51.50871628,RLY
Acton Main Line Rail Station,9100ACTONML,520360,181230,-0.266756362,51.51718015,RLY
Acton Town Underground Station,9400ZZLUACT,519446,179637,-0.280461707,51.50305703,MET
Addington Village Tram Stop,9400ZZCRADV,537080,163744,-0.032693722,51.35624073,MET
Addiscombe Tram Stop,9400ZZCRADD,534188,166290,-0.073241922,51.37981035,MET
Addlestone Rail Station,9100ADLESTN,505587,164866,-0.484456717,51.37304566,RLY
Albany Park Rail Station,9100ALBNYPK,547855,172860,0.125737156,51.43545266,RLY
Aldershot Rail Station,9100ALDRSHT,486656,150424,-0.759859799,51.24641838,RLY
Aldgate East Underground Station,9400ZZLUADE,533852,181329,-0.07238358,51.51503708,MET
Aldgate Underground Station,9400ZZLUALD,533625,181235,-0.075688607,51.51424605,MET
Alexandra Palace Rail Station,9100ALEXNDP,530295,190460,-0.120235139,51.597924,RLY
All Saints DLR Station,9400ZZDLALL,537975,180990,-0.013135345,51.51099984,MET
Alperton Underground Station,9400ZZLUALP,518020,183784,-0.299609518,51.54062735,MET
Amersham Rail Station,9100AMERSHM,496379,198188,-0.607596056,51.6742058,RLY
Amersham Underground Station,9400ZZLUAMS,496371,198179,-0.607714193,51.67412627,MET
Ampere Way Tram Stop,9400ZZCRAMP,530673,166476,-0.12365108,51.38230116,MET
Anerley Rail Station,9100ANERLEY,534605,169900,-0.06588584,51.41215299,RLY
Angel Road Rail Station,9100ANGELRD,535200,192200,-0.048791341,51.61240493,RLY
Angel Underground Station,9400ZZLUAGL,531476,183224,-0.105898498,51.53262396,MET
Apsley Rail Station,9100APSLEY,506245,204874,-0.462934733,51.73252176,RLY
Archway Underground Station,9400ZZLUACY,529377,186826,-0.134819061,51.56547821,MET
Arena Tram Stop,9400ZZCRARA,535190,167620,-0.058347195,51.39152484,MET
Arnos Grove Underground Station,9400ZZLUASG,529354,192497,-0.133062424,51.61644622,MET
Arsenal Underground Station,9400ZZLUASL,531293,186116,-0.107457175,51.55865543,MET
Ascot Rail Station,9100ASCOT,492200,168300,-0.675833169,51.40624365,RLY
Ash Rail Station,9100ASHH,489934,150834,-0.712805387,51.24959732,RLY
Ash Vale Rail Station,9100ASHVALE,489273,153342,-0.721648509,51.27224694,RLY
Ashford (Surrey) Rail Station,9100ASFDMSX,506580,171947,-0.468070916,51.4365072,RLY
Ashtead Rail Station,9100ASHD,518040,159000,-0.307571686,51.31787379,RLY
Ashurst (Kent) Rail Station,9100ASHURST,550726,138801,0.152652203,51.1286628,RLY
Avenue Road Tram Stop,9400ZZCRAVE,535762,169335,-0.049475592,51.40680009,MET
Aylesford Rail Station,9100AYLESFD,572017,158687,0.466170684,51.30131784,RLY
Bagshot Rail Station,9100BAGSHOT,491391,163627,-0.688661911,51.36436752,RLY
Baker Street Underground Station,9400ZZLUBST,527950,182050,-0.157130363,51.52288283,MET
Balcombe Rail Station,9100BALCOMB,530670,130115,-0.136933678,51.05552166,RLY
Baldock Rail Station,9100BALDOCK,524540,234264,-0.187563674,51.99287121,RLY
Balham Rail Station,9100BALHAM,528500,173200,-0.152424416,51.44322487,RLY
Balham Underground Station,9400ZZLUBLM,528460,173206,-0.152997472,51.44328786,MET
Bank DLR Station,9400ZZDLBNK,532738,181099,-0.088514877,51.5132328,MET
Bank Underground Station,9400ZZLUBNK,532707,181119,-0.088953827,51.51341981,MET
Banstead Rail Station,9100BANSTED,524588,160432,-0.213158852,51.32934885,RLY
Barbican Rail Station,9100BRBCNLT,532100,181800,-0.097441098,51.51968172,RLY
Barbican Underground Station,9400ZZLUBBN,532060,181865,-0.097992938,51.52027518,MET
Barking Rail Station,9100BARKING,544410,184340,0.080902514,51.53949472,RLY
Barking Underground Station,9400ZZLUBKG,544421,184321,0.081053225,51.53932118,MET
Barkingside Underground Station,9400ZZLUBKE,544796,189492,0.0885847,51.58568867,MET
Barming Rail Station,9100BARMING,572970,156891,0.478958203,51.2848952,RLY
Barnehurst Rail Station,9100BRNHRST,550115,176210,0.159646308,51.46495913,RLY
Barnes Bridge Rail Station,9100BNSBDGE,521460,176230,-0.252630156,51.47200852,RLY
Barnes Rail Station,9100BARNES,522200,175700,-0.242164212,51.46708609,RLY
Barons Court Underground Station,9400ZZLUBSC,524133,178331,-0.213426904,51.49031092,MET
Basildon Rail Station,9100BASILDN,570368,188330,0.456788965,51.56810649,RLY
Bat & Ball Rail Station,9100BATABAL,553100,156800,0.194227574,51.28976078,RLY
Battersea Park Rail Station,9100BATRSPK,528745,176960,-0.14753344,51.47695975,RLY
Battersea Power Station Underground Station,9400ZZBPSUST,529111,177300,-0.142142056,51.47993192,MET
Battlesbridge Rail Station,9100BTLSBDG,577665,194895,0.565285635,51.6248254,RLY
Bayford Rail Station,9100BAYFORD,531537,208274,-0.095609939,51.75771643,RLY
Bayswater Underground Station,9400ZZLUBWT,525842,180818,-0.187937927,51.5122841,MET
Beaconsfield Rail Station,9100BCNSFLD,494004,191144,-0.643822198,51.61129124,RLY
Bearsted Rail Station,9100BSTD,579882,156119,0.577580482,51.27582146,RLY
Beckenham Hill Rail Station,9100BCKNHMH,538040,171375,-0.01595103,51.42458255,RLY
Beckenham Junction Rail Station,9100BCKNHMJ,537395,169850,-0.025812742,51.41103511,RLY
Beckenham Junction Rail Station,9100BCKNMJC,537380,169865,-0.02602248,51.41117353,RLY
Beckenham Junction Tram Stop,9400ZZCRBEK,537355,169815,-0.026401072,51.41073027,MET
Beckenham Road Tram Stop,9400ZZCRBRD,536175,169650,-0.043420578,51.40953187,MET
Beckton DLR Station,9400ZZDLBEC,543140,181507,0.061452566,51.51436173,MET
Beckton Park DLR Station,9400ZZDLBPK,542705,180875,0.054932371,51.50879274,MET
Becontree Underground Station,9400ZZLUBEC,547605,184525,0.127016019,51.54033126,MET
Beddington Lane Tram Stop,9400ZZCRBED,529365,167215,-0.142167082,51.38924181,MET
Belgrave Walk Tram Stop,9400ZZCRBGV,526804,168455,-0.178510762,51.40096328,MET
Bellingham Rail Station,9100BELNGHM,537780,172295,-0.019330725,51.43291306,RLY
Belmont Rail Station,9100BELM,525545,162065,-0.198855045,51.3438148,RLY
Belsize Park Underground Station,9400ZZLUBZP,527352,185087,-0.164647559,51.55031075,MET
Beltring Rail Station,9100BLTRNAB,568000,147800,0.403495596,51.20470872,RLY
Belvedere Rail Station,9100BELVEDR,549515,179215,0.152286191,51.4921182,RLY
Benfleet Rail Station,9100BENFLET,577733,185893,0.561713471,51.54394507,RLY
Berkhamsted Rail Station,9100BERKHMD,499336,208139,-0.5620129,51.76313385,RLY
Bermondsey Underground Station,9400ZZLUBMY,534500,179445,-0.063768514,51.49795311,MET
Berrylands Rail Station,9100BRLANDS,519700,168070,-0.28071359,51.39904518,RLY
Betchworth Rail Station,9100BTCHWTH,521052,151317,-0.266972937,51.24818921,RLY
Bethnal Green Rail Station,9100BTHNLGR,534715,182340,-0.059567964,51.52391727,RLY
Bethnal Green Underground Station,9400ZZLUBLG,534987,182715,-0.055506132,51.52722222,MET
Bexley Rail Station,9100BEXLEY,549380,173435,0.147902586,51.44021948,RLY
Bexleyheath Rail Station,9100BXLYHTH,548320,175995,0.133734962,51.46350015,RLY
Bickley Rail Station,9100BICKLEY,542370,168770,0.045240627,51.40010421,RLY
Billericay Rail Station,9100BILERCY,567500,195000,0.418629722,51.62888366,RLY
Billingshurst Rail Station,9100BILSHST,508803,125123,-0.450302154,51.01520448,RLY
Birkbeck Rail Station,9100BIRKBCK,535335,169000,-0.055738658,51.4038916,RLY
Birkbeck Tram Stop,9400ZZCRBIR,535332,168986,-0.055787097,51.4037665,MET
Bishops Stortford Rail Station,9100BSHPSFD,549155,220894,0.164894196,51.86669138,RLY
Blackfriars Underground Station,9400ZZLUBKF,531692,180888,-0.103658538,51.5115812,MET
Blackheath Rail Station,9100BLKHTH,539640,176005,0.008871956,51.46579624,RLY
Blackhorse Lane Tram Stop,9400ZZCRBLA,534360,166845,-0.070562212,51.38475724,MET
Blackhorse Road Rail Station,9100BLCHSRD,535800,189345,-0.04123566,51.58660548,RLY
Blackhorse Road Underground Station,9400ZZLUBLR,535805,189380,-0.041150007,51.58691879,MET
Blackwall DLR Station,9400ZZDLBLA,538412,180667,-0.006968825,51.50799058,MET
Blackwater Rail Station,9100BCKWATR,485320,159875,-0.776740936,51.33158158,RLY
Bletchley Rail Station,9100BLTCHLY,486859,233741,-0.736320418,51.99533445,RLY
Bond Street Underground Station,9400ZZLUBND,528488,181109,-0.149722764,51.51430429,MET
Bookham Rail Station,9100BOOKHAM,512784,155640,-0.384020606,51.28873866,RLY
Borough Green & Wrotham Rail Station,9100BORWGAW,560898,157424,0.306245061,51.29321924,RLY
Borough Underground Station,9400ZZLUBOR,532436,179752,-0.093369776,51.50119884,MET
Boston Manor Underground Station,9400ZZLUBOS,516378,178740,-0.324939235,51.49563457,MET
Bounds Green Underground Station,9400ZZLUBDS,529992,191466,-0.124234714,51.60703434,MET
Bourne End Rail Station,9100BORNEND,489456,187260,-0.71047346,51.5771179,RLY
Bow Church DLR Station,9400ZZDLBOW,537383,182850,-0.020936278,51.52785805,MET
Bow Road Underground Station,9400ZZLUBWR,537095,182740,-0.025128086,51.52693951,MET
Bowes Park Rail Station,9100BOWESPK,530245,191470,-0.120581874,51.60701188,RLY
Box Hill & Westhumble Rail Station,9100BOXHAWH,516744,151865,-0.328489875,51.25401185,RLY
Bracknell Rail Station,9100BRACKNL,486910,168969,-0.751703561,51.41309189,RLY
Braintree Freeport Rail Station,9100BRAINFP,576925,222100,0.568434815,51.86941614,RLY
Braintree Rail Station,9100BRAINTR,576093,222736,0.556687108,51.87539168,RLY
Brent Cross Underground Station,9400ZZLUBTX,523885,187932,-0.213622466,51.57664989,MET
Brentford Rail Station,9100BNTFORD,517460,177865,-0.309650918,51.48754691,RLY
Brentwood Rail Station,9100BRTWOOD,559315,193035,0.299585881,51.61360524,RLY
Bricket Wood Rail Station,9100BCWD,513482,202017,-0.359114962,51.70542789,RLY
Brimsdown Rail Station,9100BRIMSDN,536315,197035,-0.03081735,51.65558337,RLY
Brixton Rail Station,9100BRIXTON,531100,175500,-0.114183399,51.46329893,RLY
Brixton Underground Station,9400ZZLUBXN,531053,175423,-0.114888094,51.46261783,MET
Brockley Rail Station,9100BROCKLY,536420,175790,-0.03753661,51.46464885,RLY
Bromley North Rail Station,9100BROMLYN,540380,169630,0.016992721,51.40832772,RLY
Bromley South Rail Station,9100BROMLYS,540430,168702,0.017344113,51.39997632,RLY
Bromley-by-Bow Underground Station,9400ZZLUBBB,538044,182532,-0.011538237,51.52483944,MET
Brondesbury Park Rail Station,9100BRBYPK,524225,183940,-0.210127586,51.54069912,RLY
Brondesbury Rail Station,9100BRBY,524755,184450,-0.202308655,51.54516569,RLY
Brookmans Park Rail Station,9100BRKMNPK,524119,204007,-0.20454865,51.72106176,RLY
Brookwood Rail Station,9100BRKWOOD,495200,156954,-0.635747816,51.30375793,RLY
Broxbourne Rail Station,9100BROXBRN,537403,207228,-0.01108664,51.7469104,RLY
Bruce Grove Rail Station,9100BRUCGRV,533795,190110,-0.069866988,51.59395912,RLY
Buckhurst Hill Underground Station,9400ZZLUBKH,541771,193960,0.046757152,51.62660464,MET
Burnham (Berks) Rail Station,9100BNHAM,494008,181378,-0.646373739,51.52350552,RLY
Burnt Oak Underground Station,9400ZZLUBTK,520322,190753,-0.264047858,51.6027738,MET
Bush Hill Park Rail Station,9100BHILLPK,533700,195400,-0.069221032,51.64151854,RLY
Bushey Rail Station,9100BUSHEY,511858,195322,-0.384749078,51.64558158,RLY
Bushey Rail Station,9100BUSHYDC,511818,195340,-0.385321191,51.6457513,RLY
Byfleet & New Haw Rail Station,9100BYFLANH,505854,162285,-0.481389688,51.34979665,RLY
Caledonian Road & Barnsbury Rail Station,9100CLDNNRB,530695,184363,-0.116729169,51.5430408,RLY
Caledonian Road Underground Station,9400ZZLUCAR,530557,184969,-0.118493377,51.54851855,MET
Camberley Rail Station,9100CMBLEY,487573,160441,-0.744271631,51.33632762,RLY
Cambridge Heath (London) Rail Station,9100CAMHTH,534850,183240,-0.057278984,51.5319727,RLY
Camden Road Rail Station,9100CMDNRD,529175,184185,-0.138700821,51.54179079,RLY
Camden Town Underground Station,9400ZZLUCTN,528902,183900,-0.142739508,51.53929194,MET
Canada Water Rail Station,9100CNDAW,535475,179475,-0.049719754,51.49799009,RLY
Canada Water Underground Station,9400ZZLUCWR,535475,179470,-0.049721672,51.49794516,MET
Canary Wharf DLR Station,9400ZZDLCAN,537448,180290,-0.020997272,51.50483791,MET
Canary Wharf Underground Station,9400ZZLUCYF,537643,180145,-0.018245989,51.50348751,MET
Canning Town DLR Station,9400ZZDLCGT,539439,181378,0.008100758,51.51412731,MET
Canning Town Rail Station,9100CNTN,539300,181600,0.006186566,51.51615644,RLY
Canning Town Underground Station,9400ZZLUCGT,539456,181318,0.008321873,51.51358396,MET
Cannon Street Underground Station,9400ZZLUCST,532610,180904,-0.090431655,51.51151048,MET
Canonbury Rail Station,9100CNNB,532380,185040,-0.092190848,51.54873225,RLY
Canons Park Underground Station,9400ZZLUCPK,518187,191251,-0.294692944,51.60770113,MET
Carpenders Park Rail Station,9100CRPNDPK,511818,193404,-0.385939032,51.62835115,RLY
Carshalton Beeches Rail Station,9100CRSHLTB,527531,163627,-0.169796965,51.35741096,RLY
Carshalton Rail Station,9100CRSHLTN,527739,164861,-0.166368456,51.36845431,RLY
Castle Bar Park Rail Station,9100CBARPAR,515850,181765,-0.331548862,51.5229305,RLY
Caterham Rail Station,9100CATERHM,534120,155420,-0.078307041,51.28214149,RLY
Catford Bridge Rail Station,9100CATFBDG,537365,173600,-0.024791093,51.44474074,RLY
Catford Rail Station,9100CATFORD,537260,173560,-0.026316515,51.44440672,RLY
Centrale Tram Stop,9400ZZCRCTR,532065,165785,-0.103916741,51.37576947,MET
Chadwell Heath Rail Station,9100CHDWLHT,547650,187610,0.128958453,51.56803876,RLY
Chafford Hundred Rail Station,9100CHADHDD,558920,178770,0.287447021,51.48555724,RLY
Chalfont & Latimer Rail Station,9100CHLFNAL,499647,197573,-0.560526316,51.66810844,RLY
Chalfont & Latimer Underground Station,9400ZZLUCAL,499636,197559,-0.560689308,51.66798455,MET
Chalk Farm Underground Station,9400ZZLUCFM,528150,184418,-0.15338818,51.54411813,MET
Chancery Lane Underground Station,9400ZZLUCHL,531123,181615,-0.111583071,51.51824664,MET
Charing Cross Underground Station,9400ZZLUCHX,530065,180382,-0.127277175,51.50741049,MET
Charlton Rail Station,9100CRLN,541130,178385,0.031257577,51.48681329,RLY
Chatham Rail Station,9100CHATHAM,575547,167608,0.521150827,51.38037859,RLY
Cheam Rail Station,9100CHEAM,524447,163336,-0.214167444,51.35547892,RLY
Cheddington Rail Station,9100CHDNGTN,492232,218549,-0.662151787,51.85791824,RLY
Chelmsford Rail Station,9100CHLMSFD,570552,207068,0.468572197,51.73637265,RLY
Chelsfield Rail Station,9100CHLSFLD,546950,164020,0.109069904,51.35625594,RLY
Chertsey Rail Station,9100CHTSEY,503825,166390,-0.509316546,51.38706886,RLY
Chesham Underground Station,9400ZZLUCSM,496070,201635,-0.611115427,51.70524213,MET
Cheshunt Rail Station,9100CHESHNT,536647,202307,-0.023959641,51.70287619,RLY
Chessington North Rail Station,9100CHSSN,518400,164145,-0.30069906,51.36404107,RLY
Chessington South Rail Station,9100CHSSS,517900,163300,-0.308157496,51.35655031,RLY
Chigwell Underground Station,9400ZZLUCWL,543756,193049,0.07504066,51.6179158,MET
Chilworth Rail Station,9100CHLWTH,503130,147257,-0.524824057,51.21521317,RLY
Chingford Rail Station,9100CHINGFD,539200,194610,0.009897125,51.63308667,RLY
Chipstead Rail Station,9100CHSD,527685,158275,-0.169503146,51.30927731,RLY
Chislehurst Rail Station,9100CHSLHRS,543200,169400,0.057418056,51.40555654,RLY
Chiswick Park Underground Station,9400ZZLUCWP,520335,178720,-0.267972068,51.49462724,MET
Chiswick Rail Station,9100CHISWCK,520380,177220,-0.267835128,51.48113662,RLY
Chorleywood Rail Station,9100CHRW,502597,196090,-0.518319982,51.65424862,RLY
Chorleywood Underground Station,9400ZZLUCYD,502587,196102,-0.518460967,51.6543583,MET
Christs Hospital Rail Station,9100CHRSTSH,514800,129200,-0.363556262,51.05068601,RLY
Church Street Tram Stop,9400ZZCRCHR,532040,165555,-0.104361107,51.37370833,MET
City Thameslink Rail Station,9100CTMSLNK,531690,181150,-0.103589563,51.51393614,RLY
Clandon Rail Station,9100CLANDON,504560,152714,-0.502766029,51.26400526,RLY
Clapham Common Underground Station,9400ZZLUCPC,529428,175284,-0.138317382,51.46174224,MET
Clapham High Street Rail Station,9100CLPHHS,529820,175710,-0.132521606,51.46548091,RLY
Clapham Junction Rail Station,9100CLPHMJ1,527205,175500,-0.170221399,51.4641869,RLY
Clapham Junction Rail Station,9100CLPHMJ2,527200,175500,-0.170293337,51.46418802,RLY
Clapham Junction Rail Station,9100CLPHMJC,527201,175500,-0.170278949,51.4641878,RLY
Clapham Junction Rail Station,9100CLPHMJM,527202,175500,-0.170264562,51.46418757,RLY
Clapham Junction Rail Station,9100CLPHMJW,527203,175500,-0.170250174,51.46418735,RLY
Clapham North Underground Station,9400ZZLUCPN,529995,175676,-0.130016265,51.46513523,MET
Clapham South Underground Station,9400ZZLUCPS,528810,174257,-0.147581973,51.45265362,MET
Clapton Rail Station,9100CLAPTON,534780,186540,-0.057024575,51.56164393,RLY
Claygate Rail Station,9100CLYGATE,515097,163755,-0.348247717,51.36121401,RLY
Clock House Rail Station,9100CLOCKHS,536370,169550,-0.040656982,51.40858641,RLY
Cobham & Stoke d'Abernon Rail Station,9100CBHMSDA,512341,158897,-0.389346295,51.31810074,RLY
Cockfosters Underground Station,9400ZZLUCKS,528140,196369,-0.149171087,51.65151961,MET
Colindale Underground Station,9400ZZLUCND,521320,189959,-0.249919127,51.59542414,MET
Colliers Wood Underground Station,9400ZZLUCSD,526786,170368,-0.17808612,51.41815954,MET
Cookham Rail Station,9100COOKHAM,488690,185060,-0.722078985,51.55746272,RLY
Coombe Lane Tram Stop,9400ZZCRCOO,535199,164089,-0.059560197,51.3597914,MET
Coulsdon South Rail Station,9100COLSDNS,529870,159060,-0.137887214,51.31583815,RLY
Coulsdon Town Rail Station,9100COLSTWN,530091,159756,-0.134464151,51.32204264,RLY
Covent Garden Underground Station,9400ZZLUCGN,530246,181019,-0.124435547,51.51309332,MET
Cowden Rail Station,9100COWDEN,547658,141714,0.110032812,51.15563724,RLY
Crawley Rail Station,9100CRAWLEY,527029,136332,-0.186672856,51.1122138,RLY
Crayford Rail Station,9100CRFD,551510,174395,0.178936169,51.44827991,RLY
Cressing Rail Station,9100CRESING,577648,220224,0.577961168,51.85233671,RLY
Crews Hill Rail Station,9100CRHL,530970,200110,-0.106887015,51.68448582,RLY
Cricklewood Rail Station,9100CRKLWD,524000,185910,-0.212676556,51.55845296,RLY
Crofton Park Rail Station,9100CFPK,536520,174740,-0.036502962,51.4551892,RLY
Crossharbour DLR Station,9400ZZDLCLA,537919,179289,-0.014606303,51.49572822,MET
Crouch Hill Rail Station,9100CROUCHH,530585,187505,-0.117148739,51.57130188,RLY
Crowborough Rail Station,9100CBGH,553472,129725,0.188012504,51.04638156,RLY
Croxley Underground Station,9400ZZLUCXY,507913,195399,-0.441718065,51.64704374,MET
Crystal Palace Rail Station,9100CRYSTLP,534120,170550,-0.072609797,51.41810903,RLY
Cuffley Rail Station,9100CUFFLEY,530700,202800,-0.109783332,51.70872172,RLY
Custom House (for ExCel) DLR Station,9400ZZDLCUS,540743,180923,0.026698992,51.50971571,MET
Custom House Rail Station,9100CUSTMHS,540760,180950,0.026954565,51.5099541,RLY
Cutty Sark (for Maritime Greenwich) DLR Station,9400ZZDLCUT,538225,177733,-0.010809782,51.48167125,MET
Cuxton Rail Station,9100CXTN,571435,166750,0.461708697,51.3739266,RLY
Cyprus DLR Station,9400ZZDLCYP,543330,180857,0.063924803,51.50847296,MET
Dagenham Dock Rail Station,9100DGNHMDC,548975,182980,0.146102979,51.52608967,RLY
Dagenham East Underground Station,9400ZZLUDGE,550297,185023,0.166016584,51.54409601,MET
Dagenham Heathway Underground Station,9400ZZLUDGY,549023,184712,0.147526787,51.5416392,MET
Dalston Junction Rail Station,9100DALS,533570,184780,-0.07513749,51.54611563,RLY
Dalston Kingsland Rail Station,9100DALSKLD,533525,185005,-0.075700745,51.54814819,RLY
Dartford Rail Station,9100DARTFD,554314,174378,0.219247891,51.44737068,RLY
Datchet Rail Station,9100DATCHET,498740,176970,-0.579421829,51.48307687,RLY
Debden Underground Station,9400ZZLUDBN,544274,196121,0.083782176,51.64538627,MET
Denham Golf Club Rail Station,9100DENHMGC,502800,187900,-0.517786602,51.58059767,RLY
Denham Rail Station,9100DENHAM,504214,187733,-0.497436774,51.57883725,RLY
Denmark Hill Rail Station,9100DENMRKH,532810,176090,-0.089360803,51.46820267,RLY
Deptford Bridge DLR Station,9400ZZDLDEP,537440,176882,-0.022438132,51.47421517,MET
Deptford Rail Station,9100DEPTFD,537160,177390,-0.026270131,51.47884803,RLY
Devons Road DLR Station,9400ZZDLDEV,537629,182279,-0.0176152,51.52266717,MET
Dollis Hill Underground Station,9400ZZLUDOH,522188,185143,-0.239067764,51.55195487,MET
Dorking Deepdene Rail Station,9100DEPDENE,517051,150180,-0.324643108,51.23880419,RLY
Dorking Rail Station,9100DORKING,517073,150417,-0.324250704,51.24092984,RLY
Dorking West Rail Station,9100DRKGW,515987,149869,-0.339978482,51.23622597,RLY
Dormans Rail Station,9100DORMANS,539662,141508,-0.004308182,51.1557918,RLY
Drayton Green Rail Station,9100DRAYGRN,515960,181065,-0.330194174,51.51661662,RLY
Drayton Park Rail Station,9100DRYP,531445,185465,-0.105508928,51.55276987,RLY
Dundonald Road Tram Stop,9400ZZCRDDR,524730,170250,-0.207679162,51.41755471,MET
Dunton Green Rail Station,9100DTNG,551454,157500,0.170937209,51.29649026,RLY
Ealing Broadway Rail Station,9100EALINGB,517938,180913,-0.301751691,51.51484145,RLY
Ealing Broadway Underground Station,9400ZZLUEBY,517958,180933,-0.301456914,51.51501703,MET
Ealing Common Underground Station,9400ZZLUECM,518886,180412,-0.288265083,51.51014025,MET
Earl's Court Underground Station,9400ZZLUECT,525520,178560,-0.193378343,51.49206305,MET
Earlsfield Rail Station,9100ERLFLD,526050,173040,-0.187714856,51.44233697,RLY
Earlswood (Surrey) Rail Station,9100EARLSWD,527820,149160,-0.170822989,51.22732846,RLY
East Acton Underground Station,9400ZZLUEAN,521715,181199,-0.247248479,51.5166115,MET
East Croydon Rail Station,9100ECROYDN,532841,165770,-0.09277962,51.3754538,RLY
East Croydon Tram Stop,9400ZZCRECR,532868,165705,-0.092416207,51.37486336,MET
East Dulwich Rail Station,9100EDULWCH,533440,175360,-0.080571619,51.46149448,RLY
East Farleigh Rail Station,9100EFARLGH,573484,153607,0.484729048,51.25523768,RLY
East Finchley Underground Station,9400ZZLUEFY,527224,189181,-0.165011809,51.58713134,MET
East Grinstead Rail Station,9100EGRNSTD,538800,138200,-0.017900012,51.12627358,RLY
East Ham Underground Station,9400ZZLUEHM,542351,184221,0.051185638,51.53894799,MET
East India DLR Station,9400ZZDLEIN,538730,180828,-0.002326366,51.50935941,MET
East Malling Rail Station,9100EMALING,570200,156900,0.43928038,51.28580982,RLY
East Putney Underground Station,9400ZZLUEPY,524386,174876,-0.210999891,51.4592049,MET
East Tilbury Rail Station,9100ETILBRY,567634,178969,0.412927892,51.48483136,RLY
Eastcote Underground Station,9400ZZLUEAE,511153,187621,-0.397373256,51.57650643,MET
Ebbsfleet International Rail Station,9100EBSFDOM,561394,174108,0.320920935,51.4429732,RLY
Ebbsfleet International Rail Station,9100EBSFLTI,561394,174109,0.320921391,51.44298219,RLY
Eden Park Rail Station,9100EDPK,537420,167520,-0.026355077,51.39009103,RLY
Edenbridge Rail Station,9100EDNB,544040,147487,0.060646348,51.20843562,RLY
Edenbridge Town Rail Station,9100EDNT,544522,146571,0.067173103,51.20008273,RLY
Edgware Road (Bakerloo) Underground Station,9400ZZLUERB,527054,181740,-0.170149811,51.52029899,MET
Edgware Road (Circle Line) Underground Station,9400ZZLUERC,527216,181695,-0.167832401,51.51985816,MET
Edgware Underground Station,9400ZZLUEGW,519540,191945,-0.27492773,51.61365293,MET
Edmonton Green Rail Station,9100EDMNGRN,534310,193570,-0.061112413,51.62492876,RLY
Effingham Junction Rail Station,9100EFNGHMJ,510271,155892,-0.41996534,51.29149534,RLY
Egham Rail Station,9100EGHAM,501143,171073,-0.546512152,51.42964677,RLY
Elephant & Castle Rail Station,9100ELPHNAC,532085,178945,-0.098725495,51.49402878,RLY
Elephant & Castle Underground Station,9400ZZLUEAC,531953,178998,-0.100606015,51.49453586,MET
Elm Park Underground Station,9400ZZLUEPK,552540,185722,0.198639907,51.54977509,MET
Elmers End Rail Station,9100ELMERSE,535780,168411,-0.049570266,51.39849235,RLY
Elmers End Tram Stop,9400ZZCRELM,535781,168409,-0.049556665,51.39847414,MET
Elmstead Woods Rail Station,9100ELMW,542250,170660,0.044274145,51.4171176,RLY
Elsenham Rail Station,9100ELSENHM,553321,227014,0.228070367,51.92054552,RLY
Elstree & Borehamwood Rail Station,9100ELTR,519080,196320,-0.280081462,51.65306936,RLY
Eltham Rail Station,9100ELTHAM,542700,174960,0.052472418,51.45564352,RLY
Elverson Road DLR Station,9400ZZDLELV,537852,176321,-0.016728347,51.46907381,MET
Embankment Underground Station,9400ZZLUEMB,530386,180351,-0.122665983,51.507058,MET
Emerson Park Rail Station,9100EMRSPKH,553965,187865,0.220113325,51.56864243,RLY
Emirates Greenwich Peninsula,9400ZZALGWP,539500,179760,0.008339807,51.49957304,MET
Emirates Royal Docks,9400ZZALRDK,540121,180690,0.017649524,51.50777645,MET
Enfield Chase Rail Station,9100ENFC,532180,196666,-0.09069629,51.65325408,RLY
Enfield Lock Rail Station,9100ENFLDLK,536427,198745,-0.028532382,51.67092209,RLY
Enfield Town Rail Station,9100ENFLDTN,532970,196550,-0.079327561,51.65202556,RLY
Epping Underground Station,9400ZZLUEPG,546193,201551,0.113767393,51.69368011,MET
Epsom Downs Rail Station,9100EPSDNS,522806,159759,-0.238954771,51.3236875,RLY
Epsom Rail Station,9100EPSM,520700,160900,-0.268777602,51.33439273,RLY
Eridge (Spa Valley Railway),9400ZZSLERG,554274,134498,0.201478877,51.08905469,MET
Eridge Rail Station,9100ERIDGE,554271,134488,0.201431807,51.08896564,RLY
Erith Rail Station,9100ERITH,551130,178100,0.175054542,51.48167093,RLY
Esher Rail Station,9100ESHER,514696,165824,-0.35333776,51.3798911,RLY
Essex Road Rail Station,9100ESSEXRD,532120,184140,-0.096275978,51.54070534,RLY
Etchingham Rail Station,9100ETCHNGM,571431,126301,0.442356379,51.01054617,RLY
Euston Square Underground Station,9400ZZLUESQ,529420,182390,-0.135829094,51.52560368,MET
Euston Underground Station,9400ZZLUEUS,529555,182660,-0.133784994,51.52799915,MET
Ewell East Rail Station,9100EWELLE,522569,162158,-0.24152956,51.34529955,RLY
Ewell West Rail Station,9100EWELW,521480,162660,-0.256986542,51.35004486,RLY
Eynsford Rail Station,9100EYNSFD,553565,164934,0.204393216,51.36272035,RLY
Fairlop Underground Station,9400ZZLUFLP,544932,190601,0.091003888,51.59561848,MET
Falconwood Rail Station,9100FALCNWD,544553,175403,0.079304565,51.45915447,RLY
Farnborough (Main) Rail Station,9100FRBRMN,486870,156020,-0.755436425,51.2966922,RLY
Farnborough North Rail Station,9100FRBRNTH,487725,156630,-0.74302684,51.30204494,RLY
Farncombe Rail Station,9100FRNCMB,497600,145140,-0.604548796,51.19715385,RLY
Farnham Rail Station,9100FARNHAM,484446,146548,-0.792427105,51.21190464,RLY
Farningham Road Rail Station,9100FRNNGRD,555595,169330,0.235452153,51.40166558,RLY
Farringdon (London) Rail Station,9100FNTLSR,531570,181855,-0.105054947,51.52029956,RLY
Farringdon Rail Station,9100FRNDNLT,531560,181840,-0.105204589,51.52016709,RLY
Farringdon Underground Station,9400ZZLUFCN,531580,181850,-0.104912766,51.5202523,MET
Faygate Rail Station,9100FAYGATE,521728,134388,-0.263018593,51.09589064,RLY
Feltham Rail Station,9100FELTHAM,510600,173300,-0.409838162,51.44789838,RLY
Fieldway Tram Stop,9400ZZCRFLD,537663,163212,-0.024531884,51.35131916,MET
Finchley Central Underground Station,9400ZZLUFYC,525280,190667,-0.192526805,51.60092093,MET
Finchley Road & Frognal Rail Station,9100FNCHLYR,526070,185050,-0.183140521,51.55026586,RLY
Finchley Road Underground Station,9400ZZLUFYR,526308,184673,-0.179845034,51.54682465,MET
Finsbury Park Rail Station,9100FNPK,531358,186746,-0.106284898,51.56430177,RLY
Finsbury Park Underground Station,9400ZZLUFPK,531321,186729,-0.106824731,51.56415761,MET
Forest Gate Rail Station,9100FRSTGT,540458,185335,0.024352903,51.54943194,RLY
Forest Hill Rail Station,9100FORESTH,535410,172940,-0.053157023,51.43928011,RLY
Frant Rail Station,9100FRANT,560739,136362,0.294543148,51.10402871,RLY
Frimley Rail Station,9100FRIMLEY,487430,157717,-0.746991276,51.31186197,RLY
Fulham Broadway Underground Station,9400ZZLUFBY,525411,177224,-0.195421644,51.48008055,MET
Fulwell Rail Station,9100FULWELL,514830,171840,-0.349467529,51.43393512,RLY
Furze Platt Rail Station,9100FURZEP,488294,182334,-0.72847274,51.53302027,RLY
Gallions Reach DLR Station,9400ZZDLGAL,543858,180924,0.071555004,51.50894094,MET
Gants Hill Underground Station,9400ZZLUGTH,543273,188431,0.066184724,51.576544,MET
Garston (Herts) Rail Station,9100GRSTH,511965,199890,-0.381741135,51.68661576,RLY
Gatwick Airport Rail Station,9100GTWK,528700,141300,-0.161041455,51.15649073,RLY
Gatwick North Terminal Shuttle Station,9400ZZGWNTH,527611,141777,-0.176436036,51.16102141,MET
Gatwick South Terminal Shuttle Station,9400ZZGWSTH,528661,141385,-0.161568461,51.15726342,MET
George Street Tram Stop,9400ZZCRCEN,532430,165595,-0.098746369,51.37397706,MET
Gerrards Cross Rail Station,9100GERRDSX,500184,188785,-0.555275341,51.589023,RLY
Gidea Park Rail Station,9100GIDEAPK,552940,189310,0.205964395,51.581904,RLY
Gillingham (Kent) Rail Station,9100GLNGHMK,577520,168365,0.5498501,51.38656546,RLY
Gipsy Hill Rail Station,9100GIPSYH,533321,171235,-0.083835838,51.42445312,RLY
Gloucester Road Underground Station,9400ZZLUGTR,526258,178829,-0.182657647,51.49431638,MET
Godalming Rail Station,9100GDLMING,496622,143946,-0.618862248,51.18658662,RLY
Godstone Rail Station,9100GODSTON,536277,148357,-0.050084919,51.21815745,RLY
Golders Green Underground Station,9400ZZLUGGN,525254,187477,-0.194039144,51.57225863,MET
Goldhawk Road Underground Station,9400ZZLUGHK,523179,179609,-0.226715174,51.50200494,MET
Gomshall Rail Station,9100GOMSHAL,508915,147842,-0.441852116,51.21939853,RLY
Goodge Street Underground Station,9400ZZLUGDG,529536,181836,-0.134361422,51.5205985,MET
Goodmayes Rail Station,9100GODMAYS,546400,187300,0.110807157,51.56557897,RLY
Gordon Hill Rail Station,9100GORDONH,531880,197780,-0.094610431,51.66333515,RLY
Gospel Oak Rail Station,9100GOSPLOK,528300,185670,-0.150770107,51.55533543,RLY
Grange Hill Underground Station,9400ZZLUGGH,544949,192578,0.092065606,51.61337806,MET
Grange Park Rail Station,9100GRPK,531750,195470,-0.097358425,51.64260735,RLY
Gravel Hill Tram Stop,9400ZZCRGRA,536357,163536,-0.04315032,51.35454537,MET
Gravesend Rail Station,9100GRVSEND,564577,174029,0.36664309,51.44134833,RLY
Grays Rail Station,9100GRAYS,561340,177810,0.321832253,51.47624787,RLY
Great Missenden Rail Station,9100GTMSNDN,489300,201319,-0.709141009,51.70351853,RLY
Great Portland Street Underground Station,9400ZZLUGPS,528840,182179,-0.144262046,51.52383998,MET
Green Park Underground Station,9400ZZLUGPK,528990,180303,-0.142787003,51.50694671,MET
Greenford Rail Station,9100GFORD,514810,183900,-0.345837125,51.54233132,RLY
Greenford Underground Station,9400ZZLUGFD,514795,183910,-0.346050069,51.54242424,MET
Greenhithe for Bluewater Rail Station,9100GNHT,558545,174842,0.280290219,51.45037175,RLY
Greenwich DLR Station,9400ZZDLGRE,538037,177329,-0.01367317,51.47808674,MET
Greenwich Rail Station,9100GNWH,538060,177335,-0.013339843,51.47813505,RLY
Groombridge (Spa Valley Railway),9400ZZSLGRM,553238,137032,0.187772332,51.11210149,MET
Grove Park Rail Station,9100GRVPK,540640,172145,0.021725567,51.43086312,RLY
Guildford Rail Station,9100GUILDFD,499200,149600,-0.580424959,51.23697019,RLY
Gunnersbury Rail Station,9100GNRSBRY,519835,178380,-0.275286357,51.49167762,RLY
Gunnersbury Underground Station,9400ZZLUGBY,519836,178394,-0.275267211,51.49180323,MET
Hackbridge Rail Station,9100HKBG,528580,165930,-0.153907477,51.3778718,RLY
Hackney Central Rail Station,9100HACKNYC,534890,184925,-0.056057533,51.54710495,RLY
Hackney Downs Rail Station,9100HAKNYNM,534555,185100,-0.060818937,51.54875744,RLY
Hackney Wick Rail Station,9100HACKNYW,537060,184572,-0.024919773,51.54341047,RLY
Hadley Wood Rail Station,9100HADLYWD,526225,198210,-0.176172479,51.66849685,RLY
Haggerston Rail Station,9100HAGGERS,533555,183955,-0.075666469,51.53870546,RLY
Hainault Underground Station,9400ZZLUHLT,545078,191500,0.093481689,51.60365872,MET
Halling Rail Station,9100HALG,570347,164326,0.444931883,51.35247784,RLY
Hammersmith (Dist&Picc Line) Underground Station,9400ZZLUHSD,523420,178535,-0.223620103,51.49230023,MET
Hammersmith (H&C Line) Underground Station,9400ZZLUHSC,523320,178670,-0.22501266,51.49353529,MET
Hampstead Heath Rail Station,9100HMPSTDH,527265,185630,-0.165705344,51.55521018,RLY
Hampstead Underground Station,9400ZZLUHTD,526375,185766,-0.178487001,51.55663227,MET
Hampton (London) Rail Station,9100HAMPTON,513300,169803,-0.372118886,51.41593438,RLY
Hampton Court Rail Station,9100HCRT,515376,168361,-0.342747653,51.40255567,RLY
Hampton Wick Rail Station,9100HAMWICK,517450,169740,-0.312489461,51.41452449,RLY
Hanger Lane Underground Station,9400ZZLUHGR,518526,182633,-0.292703848,51.53017691,MET
Hanwell Rail Station,9100HANWELL,515390,180520,-0.338583426,51.51183495,RLY
Harlesden Rail Station,9100HARLSDN,520940,183370,-0.257667497,51.53628914,RLY
Harlesden Underground Station,9400ZZLUHSN,520925,183372,-0.257882975,51.53631032,MET
Harlington (Beds) Rail Station,9100HRLG,503456,230355,-0.495689862,51.96206206,RLY
Harlow Mill Rail Station,9100HRLWMIL,547160,212340,0.132307641,51.79036546,RLY
Harlow Town Rail Station,9100HRLWTWN,544626,211232,0.095131882,51.78107034,RLY
Harold Wood Rail Station,9100HRLDWOD,554785,190575,0.233128694,51.59276614,RLY
Harpenden Rail Station,9100HRPNDN,513735,214175,-0.351480451,51.81464489,RLY
Harringay Green Lanes Rail Station,9100HRGYGL,531885,188193,-0.098143697,51.57718221,RLY
Harringay Rail Station,9100HRGY,531400,188200,-0.105136058,51.57735827,RLY
Harrington Road Tram Stop,9400ZZCRHAR,535000,168535,-0.060728605,51.39979266,MET
Harrow & Wealdstone Rail Station,9100HROW,515465,189460,-0.3345714,51.59216868,RLY
Harrow & Wealdstone Rail Station,9100HROWDC,515465,189461,-0.334571071,51.59217767,RLY
Harrow & Wealdstone Underground Station,9400ZZLUHAW,515420,189470,-0.335217428,51.59226777,MET
Harrow-on-the-Hill Rail Station,9100HAROOTH,515314,188012,-0.337225361,51.57918562,RLY
Harrow-on-the-Hill Underground Station,9400ZZLUHOH,515314,188013,-0.337225033,51.57919461,MET
Haslemere Rail Station,9100HASLEMR,489802,132928,-0.719162568,51.08864819,RLY
Haste Hill (Ruislip Lido Railway),9400ZZRLHHL,508913,189802,-0.429008983,51.59654592,MET
Hatch End Rail Station,9100HTCHEND,513065,191325,-0.368601364,51.60941693,RLY
Hatfield (Herts) Rail Station,9100HATFILD,523240,208750,-0.215588532,51.76387949,RLY
Hatfield Peverel Rail Station,9100HFLPEVL,578910,212200,0.592123816,51.77986438,RLY
Hatton Cross Underground Station,9400ZZLUHNX,509627,175376,-0.423191243,51.46674672,MET
Haydons Road Rail Station,9100HYDNSRD,526020,171160,-0.188814631,51.42544795,RLY
Hayes & Harlington Rail Station,9100HAYESAH,509714,179422,-0.420683476,51.50309561,RLY
Hayes (Kent) Rail Station,9100HAYS,540030,166060,0.010556791,51.37633385,RLY
Haywards Heath Rail Station,9100HYWRDSH,533045,124630,-0.105077702,51.00568169,RLY
Headstone Lane Rail Station,9100HEDSTNL,513870,190590,-0.357219764,51.60264899,RLY
Heathrow T1 Rail-Air Link,9100HTRWTM1,507651,176044,-0.451423378,51.47312978,RLY
Heathrow T2 Rail-Air Link,9100HTRWTM2,507628,175732,-0.451849329,51.47032982,RLY
Heathrow T3 Rail-Air Link,9100HTRWTM3,507221,175923,-0.457648813,51.47212376,RLY
Heathrow Terminal 4 Rail Station,9100HTRWTM4,508100,174400,-0.445463396,51.45826766,RLY
Heathrow Terminal 4 Underground Station,9400ZZLUHR4,508078,174428,-0.445771378,51.45852352,MET
Heathrow Terminal 5 Rail Station,9100HTRWTM5,504938,175645,-0.490588967,51.47005255,RLY
Heathrow Terminal 5 Underground Station,9400ZZLUHR5,504940,175645,-0.490560183,51.47005218,MET
Heathrow Terminals 2 & 3 Rail Station,9100HTRWAPT,507468,175898,-0.454101551,51.47185225,RLY
Heathrow Terminals 2 & 3 Underground Station,9400ZZLUHRC,507597,175832,-0.452265053,51.47123453,MET
Hemel Hempstead Rail Station,9100HEMLHMP,504300,205925,-0.490773743,51.74233298,RLY
Hendon Central Underground Station,9400ZZLUHCL,522980,188650,-0.226424477,51.58330055,MET
Hendon Rail Station,9100HDON,522140,188270,-0.238674063,51.58006796,RLY
Herne Hill Rail Station,9100HERNEH,531955,174410,-0.102289092,51.45330504,RLY
Heron Quays DLR Station,9400ZZDLHEQ,537423,180127,-0.021420699,51.50337925,MET
Hersham Rail Station,9100HERSHAM,512155,165425,-0.389959186,51.37681205,RLY
Hertford East Rail Station,9100HERTFDE,532980,212910,-0.072941347,51.79903486,RLY
Hertford North Rail Station,9100HFDN,531681,212856,-0.091788468,51.7988567,RLY
Hever Rail Station,9100HEVER,546530,144550,0.095069412,51.18141115,RLY
High Barnet Underground Station,9400ZZLUHBT,525021,196182,-0.194297696,51.65054066,MET
High Brooms Rail Station,9100HBROOMS,559378,141370,0.277332296,51.14940496,RLY
High Rocks (Spa Valley Railway),9400ZZSLHRK,555794,138256,0.224786299,51.12241092,MET
High Street Kensington Underground Station,9400ZZLUHSK,525536,179561,-0.192792223,51.50105548,MET
High Wycombe Rail Station,9100HWYCOMB,486935,193053,-0.745409812,51.62958597,RLY
Higham Rail Station,9100HIGM,571556,172613,0.466277808,51.42655912,RLY
Highams Park Rail Station,9100HGHMSPK,538575,191840,-0.000222186,51.60835018,RLY
Highbury & Islington Rail Station,9100HGHI,531585,184735,-0.103763638,51.54617715,RLY
Highbury & Islington Rail Station,9100HIGHBYA,531585,184725,-0.103767375,51.54608729,RLY
Highbury & Islington Underground Station,9400ZZLUHAI,531615,184755,-0.103323779,51.54634989,MET
Highgate Underground Station,9400ZZLUHGT,528578,188147,-0.145857071,51.57753214,MET
Hildenborough Rail Station,9100HLDNBRO,555680,148500,0.227589989,51.21448616,RLY
Hillingdon Underground Station,9400ZZLUHGD,507572,185008,-0.449827964,51.55371461,MET
Hinchley Wood Rail Station,9100HNCHLYW,515600,165300,-0.340524463,51.37499827,RLY
Hitchin Rail Station,9100HITCHIN,519433,229734,-0.263480765,51.95328253,RLY
Hither Green Rail Station,9100HTHRGRN,539000,174455,-0.000944168,51.45202528,RLY
Holborn Underground Station,9400ZZLUHBN,530508,181525,-0.120474911,51.51758013,MET
Holland Park Underground Station,9400ZZLUHPK,524625,180216,-0.205678864,51.5071434,MET
Holloway Road Underground Station,9400ZZLUHWY,530909,185443,-0.113243537,51.55269668,MET
Holmwood Rail Station,9100HLMW,517465,143780,-0.320808911,51.18119572,RLY
Homerton Rail Station,9100HOMRTON,535840,184940,-0.042359753,51.54701206,RLY
Honor Oak Park Rail Station,9100HONROPK,535910,174145,-0.045505372,51.44998899,RLY
Horley Rail Station,9100HORLEY,528665,142666,-0.161053505,51.16877532,RLY
Hornchurch Underground Station,9400ZZLUHCH,553945,186245,0.219116184,51.5540928,MET
Hornsey Rail Station,9100HRNSY,530900,189200,-0.111974984,51.58646095,RLY
Horsham Rail Station,9100HORSHAM,517865,130980,-0.31926942,51.06606497,RLY
Horsley Rail Station,9100HRSLEY,509223,154518,-0.435408597,51.27934698,RLY
Horsted Keynes (Bluebell Railway),9400ZZBBHDK,537160,129240,-0.044719797,51.04614607,MET
Hounslow Central Underground Station,9400ZZLUHWC,513548,175968,-0.366578422,51.47129521,MET
Hounslow East Underground Station,9400ZZLUHWE,514245,176197,-0.356473794,51.47321326,MET
Hounslow Rail Station,9100HOUNSLW,513870,174935,-0.362276878,51.46194613,RLY
Hounslow West Underground Station,9400ZZLUHWT,512156,176179,-0.38654431,51.473469,MET
How Wood (Herts) Rail Station,9100HOWWOOD,514449,203409,-0.344670375,51.71774213,RLY
Hoxton Rail Station,9100HOXTON,533575,183155,-0.075681494,51.53151167,RLY
Hurst Green Rail Station,9100HRSTGRN,539970,151380,0.003939409,51.24443068,RLY
Hyde Park Corner Underground Station,9400ZZLUHPC,528331,179851,-0.152441461,51.50303458,MET
Ickenham Underground Station,9400ZZLUICK,508095,185940,-0.442001252,51.56199162,MET
Ifield Rail Station,9100IFIELD,525053,136663,-0.214772078,51.1156229,RLY
Ilford Rail Station,9100ILFORD,543570,186500,0.069679534,51.55911753,RLY
Imperial Wharf Rail Station,9100CSEAH,526300,176675,-0.182822677,51.4749491,RLY
Ingatestone Rail Station,9100INGTSTN,564982,199165,0.384246826,51.66704308,RLY
Island Gardens DLR Station,9400ZZDLISL,538253,178417,-0.010139246,51.48781088,MET
Isleworth Rail Station,9100ISLEWTH,515600,176400,-0.336906726,51.47476282,RLY
Iver Rail Station,9100IVER,503730,179898,-0.50672595,51.50850282,RLY
Kempton Park Rail Station,9100KMPTNPK,510671,170307,-0.409751255,51.42098315,RLY
Kemsing Rail Station,9100KEMSING,556784,157738,0.247428424,51.29718715,RLY
Kenley Rail Station,9100KNLY,532420,160120,-0.100925342,51.32477694,RLY
Kennington Underground Station,9400ZZLUKNG,531599,178299,-0.105962762,51.48833669,MET
Kensal Green Rail Station,9100KENSLG,523215,182785,-0.225087586,51.5305402,RLY
Kensal Green Underground Station,9400ZZLUKSL,523220,182785,-0.225015542,51.53053911,MET
Kensal Rise Rail Station,9100KENR,523560,183240,-0.219957037,51.534554,RLY
Kensington (Olympia) Rail Station,9100KENOLYM,524325,179180,-0.210364061,51.49789881,RLY
Kensington (Olympia) Underground Station,9400ZZLUKOY,524350,179150,-0.210014662,51.49762371,MET
Kent House Rail Station,9100KENTHOS,536040,169945,-0.045247369,51.41221522,RLY
Kentish Town Rail Station,9100KNTSHTN,529035,185150,-0.140364908,51.5504949,RLY
Kentish Town Underground Station,9400ZZLUKSH,529010,185129,-0.140732965,51.55031189,MET
Kentish Town West Rail Station,9100KNTSHTW,528610,184700,-0.146655437,51.54654784,RLY
Kenton Rail Station,9100KTON,516710,188335,-0.316980853,51.58180154,RLY
Kenton Underground Station,9400ZZLUKEN,516715,188330,-0.316910385,51.58175557,MET
Kew Bridge Rail Station,9100KEWBDGE,519020,178120,-0.28710755,51.48951286,RLY
Kew Gardens Rail Station,9100KEWGRDN,519195,176740,-0.285053514,51.47707334,RLY
Kew Gardens Underground Station,9400ZZLUKWG,519182,176738,-0.28524129,51.4770581,MET
Kidbrooke Rail Station,9100KIDBROK,540945,175632,0.027497625,51.4621213,RLY
Kilburn High Road Rail Station,9100KLBRNHR,525475,183590,-0.19223742,51.53727747,RLY
Kilburn Park Underground Station,9400ZZLUKPK,525343,183331,-0.194231761,51.53497915,MET
Kilburn Underground Station,9400ZZLUKBN,524626,184629,-0.204104634,51.54680284,MET
King George V DLR Station,9400ZZDLKGV,543260,180135,0.062623827,51.50200307,MET
King Henry's Drive Tram Stop,9400ZZCRKGH,537976,162558,-0.020293372,51.34536626,MET
King's Cross St. Pancras Underground Station,9400ZZLUKSX,530282,182975,-0.123194498,51.53066282,MET
Kings Cross Thameslink Rail Station,9100KXTLSR,530481,182980,-0.120325441,51.53066185,RLY
Kings Cross Underground Station,9100CATEZKX,530230,182930,-0.123960344,51.53027041,RLY
Kings Langley Rail Station,9100KLGL,508000,202000,-0.43842187,51.70635588,RLY
Kingsbury Underground Station,9400ZZLUKBY,519348,188735,-0.278790432,51.58484456,MET
Kingscote (Bluebell Railway),9400ZZBBKNG,536744,135562,-0.048261447,51.10306038,MET
Kingston Rail Station,9100KGSTON,518242,169561,-0.301165709,51.41275125,RLY
Kingswood Rail Station,9100KGWD,524815,156585,-0.211247482,51.29472472,RLY
Knebworth Rail Station,9100KNEBWTH,524908,220250,-0.187288712,51.86685484,RLY
Knightsbridge Underground Station,9400ZZLUKNB,527775,179685,-0.160507749,51.50166862,MET
Knockholt Rail Station,9100KNCKHLT,548500,162900,0.130847144,51.34578955,RLY
Ladbroke Grove Underground Station,9400ZZLULAD,524270,181354,-0.210390598,51.51744877,MET
Ladywell Rail Station,9100LDYW,537730,174890,-0.019040611,51.45624432,RLY
Laindon Rail Station,9100LAINDON,568118,188190,0.42428902,51.56752359,RLY
Lambeth North Underground Station,9400ZZLULBN,531128,179452,-0.112314647,51.49880754,MET
Lancaster Gate Underground Station,9400ZZLULGT,526707,180777,-0.175494281,51.5117225,MET
Langdon Park DLR Station,9400ZZDLLDP,537892,181452,-0.014150076,51.51517163,MET
Langley (Berks) Rail Station,9100LANGLEY,501300,179800,-0.541756088,51.50806229,RLY
Latimer Road Underground Station,9400ZZLULRD,523767,180890,-0.217798914,51.51338909,MET
Lea Bridge Rail Station,9100LEABDGE,536176,187123,-0.036672527,51.5665478,RLY
Leagrave Rail Station,9100LEAGRVE,506145,224080,-0.458502573,51.90515899,RLY
Leatherhead Rail Station,9100LETHRHD,516300,156840,-0.333231899,51.29881782,RLY
Lebanon Road Tram Stop,9400ZZCRLEB,533383,165756,-0.085002286,51.37520104,MET
Lee Rail Station,9100LEEE,540010,174230,0.013492875,51.44975481,RLY
Leicester Square Underground Station,9400ZZLULSQ,529974,180822,-0.12842561,51.51138553,MET
Leigh (Kent) Rail Station,9100LEIGHK,554555,146175,0.210495012,51.19390087,RLY
Leighton Buzzard Rail Station,9100LTNBZRD,491091,225024,-0.67700729,51.91630577,RLY
Letchworth Rail Station,9100LTCE,521712,232758,-0.229264082,51.979964,RLY
Lewisham DLR Station,9400ZZDLLEW,538133,175838,-0.01287397,51.46466506,MET
Lewisham Rail Station,9100LEWISHM,538050,175950,-0.01402434,51.46569174,RLY
Leyton Midland Road Rail Station,9100LEYTNMR,538150,187530,-0.008050551,51.56972537,RLY
Leyton Underground Station,9400ZZLULYN,538365,186074,-0.005522978,51.5565892,MET
Leytonstone High Road Rail Station,9100LYTNSHR,539310,186875,0.008416476,51.5635545,RLY
Leytonstone Underground Station,9400ZZLULYS,539280,187405,0.008193802,51.56832439,MET
Limehouse DLR Station,9400ZZDLLIM,536120,181095,-0.039808957,51.51239291,MET
Limehouse Rail Station,9100LIMHSE,536120,181111,-0.039802784,51.51253669,RLY
Lingfield Rail Station,9100LINGFLD,539400,143800,-0.007164547,51.17645277,RLY
Littlehaven Rail Station,9100LHVN,518621,132520,-0.307980459,51.07975123,RLY
Liverpool Street Underground Station,9400ZZLULVT,533096,181569,-0.08318156,51.51737227,MET
Lloyd Park Tram Stop,9400ZZCRLOY,533709,164549,-0.080774902,51.36427758,MET
London Blackfriars Rail Station,9100BLFR,531714,180914,-0.103331992,51.51180973,RLY
London Bridge Rail Station,9100LNDNBDC,532930,180190,-0.086092005,51.50501904,RLY
London Bridge Rail Station,9100LNDNBDE,532930,180200,-0.086088239,51.5051089,RLY
London Bridge Underground Station,9400ZZLULNB,532735,180263,-0.0888725,51.50572084,MET
London Cannon Street Rail Station,9100CANONST,532620,180890,-0.090292899,51.51138232,RLY
London Charing Cross Rail Station,9100CHRX,530235,180455,-0.124802109,51.50802739,RLY
London City Airport DLR Station,9400ZZDLLCA,542292,180265,0.048739398,51.50341552,MET
London Euston Rail Station,9100EUSTON,529545,182675,-0.133923556,51.52813624,RLY
London Fenchurch Street Rail Station,9100FENCHRS,533410,180940,-0.078896687,51.51164583,RLY
London Fields Rail Station,9100LONFLDS,534790,184260,-0.057753292,51.54115298,RLY
London Kings Cross Rail Station,9100KNGX,530300,183000,-0.122925912,51.53088334,RLY
London Kings Cross Thameslink Rail Station,9100KNSXMCL,530480,182980,-0.120339849,51.53066208,RLY
London Liverpool Street Rail Station,9100LIVST,533216,181641,-0.081425944,51.51799103,RLY
London Marylebone Rail Station,9100MARYLBN,527550,182000,-0.162910827,51.52252388,RLY
London Paddington Rail Station,9100PADTON,526648,181251,-0.176173899,51.5159955,RLY
London Road (Guildford) Rail Station,9100LRDGFD,500264,150030,-0.565068894,51.24064971,RLY
London St Pancras International LL Rail Station,9100STPXBOX,529990,183135,-0.127342664,51.53216792,RLY
London St Pancras International Rail Station,9100STPADOM,530050,183175,-0.12646339,51.53251358,RLY
London St Pancras International Rail Station,9100STPX,530000,183160,-0.127189357,51.53239028,RLY
London Victoria Rail Station,9100VICTRIC,528900,179000,-0.144558729,51.4952575,RLY
London Victoria Rail Station,9100VICTRIE,528901,179000,-0.144544332,51.49525727,RLY
London Waterloo East Rail Station,9100WLOE,531350,180044,-0.108898084,51.50407609,RLY
London Waterloo Rail Station,9100WATRLMN,531060,179950,-0.113108867,51.50329861,RLY
Longcross Rail Station,9100LNGCROS,497897,166062,-0.594569926,51.38517284,RLY
Longfield Rail Station,9100LGFD,560129,168857,0.300364242,51.39615525,RLY
Loughborough Junction Rail Station,9100LBGHJN,531925,175855,-0.102182003,51.46629765,RLY
Loughton Underground Station,9400ZZLULGN,542328,195627,0.05547566,51.64144293,MET
Lower Sydenham Rail Station,9100LSYDNHM,536830,171370,-0.033345404,51.42483076,RLY
Luton Airport Parkway Rail Station,9100LUTOAPY,510533,220534,-0.395880936,51.87243756,RLY
Luton Rail Station,9100LUTON,509259,221604,-0.414040142,51.88230485,RLY
Maida Vale Underground Station,9400ZZLUMVL,525945,182767,-0.185758484,51.52977669,MET
Maidenhead Rail Station,9100MDNHEAD,488725,180745,-0.722660445,51.51866897,RLY
Maidstone Barracks Rail Station,9100MSTONEB,575440,156115,0.513960255,51.27716948,RLY
Maidstone East Rail Station,9100MSTONEE,575949,156206,0.521295166,51.27783011,RLY
Maidstone West Rail Station,9100MSTONEW,575592,155374,0.515773538,51.27046619,RLY
Malden Manor Rail Station,9100MALDENM,521090,166510,-0.261273906,51.38473,RLY
Manor House Underground Station,9400ZZLUMRH,532044,187480,-0.096118262,51.57073773,MET
Manor Park Rail Station,9100MANRPK,541973,185716,0.046341622,51.55247666,RLY
Mansion House Underground Station,9400ZZLUMSH,532360,180965,-0.094009225,51.51211722,MET
Marble Arch Underground Station,9400ZZLUMBA,527850,180995,-0.158953317,51.51342439,MET
Marden Rail Station,9100MARDEN,574375,144725,0.493169351,51.17517583,RLY
Marlow Rail Station,9100MARLOW,485590,186512,-0.7664307,51.57099342,RLY
Martins Heron Rail Station,9100MHERON,488820,168370,-0.724396598,51.40741165,RLY
Maryland Rail Station,9100MRYLAND,539183,184927,0.005815212,51.54608136,RLY
Marylebone Underground Station,9400ZZLUMYB,527530,181977,-0.163207261,51.5223217,MET
Maze Hill Rail Station,9100MAZEH,539175,177865,0.002914209,51.48262466,RLY
Meopham Rail Station,9100MEOPHAM,564100,167900,0.356951595,51.38642383,RLY
Meridian Water Rail Station,9100MWRWSTN,535061,191940,-0.050897661,51.61010188,RLY
Merstham Rail Station,9100MERSTHM,529155,153291,-0.150225603,51.26415421,RLY
Merton Park Tram Stop,9400ZZCRMTP,525190,169820,-0.201219217,51.41358894,MET
Mile End Underground Station,9400ZZLUMED,536510,182522,-0.033640084,51.52512212,MET
Milford (Surrey) Rail Station,9100MLFORD,495406,141335,-0.636948299,51.16331927,RLY
Mill Hill Broadway Rail Station,9100MLHB,521320,191925,-0.249239643,51.61309279,RLY
Mill Hill East Underground Station,9400ZZLUMHL,524051,191450,-0.209985769,51.60822945,MET
Mitcham Eastfields Rail Station,9100ESTFLDS,528445,169250,-0.154645956,51.40773905,RLY
Mitcham Junction Rail Station,9100MITCHMJ,528270,167600,-0.157756567,51.39295013,RLY
Mitcham Junction Tram Stop,9400ZZCRMJT,528235,167590,-0.158262954,51.39286816,MET
Mitcham Tram Stop,9400ZZCRMCH,527343,168082,-0.170900301,51.39749049,MET
Monument Underground Station,9400ZZLUMMT,532922,180822,-0.085969197,51.51070034,MET
Moor Park Underground Station,9400ZZLUMPK,508595,193500,-0.432453597,51.6298446,MET
Moorgate Rail Station,9100MRGT,532693,181683,-0.08894333,51.51849144,RLY
Moorgate Rail Station,9100MGTE,532694,181683,-0.088928926,51.51849121,RLY
Moorgate Underground Station,9400ZZLUMGT,532737,181649,-0.088322349,51.51817558,MET
Morden Road Tram Stop,9400ZZCRMDN,525786,169310,-0.192834339,51.40887372,MET
Morden South Rail Station,9100MORDENS,525360,167880,-0.199460919,51.39611631,RLY
Morden Underground Station,9400ZZLUMDN,525665,168558,-0.194839304,51.40214219,MET
Mornington Crescent Underground Station,9400ZZLUMTC,529189,183394,-0.138789077,51.53467914,MET
Mortlake Rail Station,9100MRTLKE,520465,175770,-0.267105573,51.46808683,RLY
Motspur Park Rail Station,9100MOTSPRP,522575,167710,-0.239530696,51.39519641,RLY
Mottingham Rail Station,9100MOTNGHM,542580,173240,0.050054032,51.44021819,RLY
Mudchute DLR Station,9400ZZDLMUD,537925,178730,-0.014738184,51.49070354,MET
Neasden Underground Station,9400ZZLUNDN,521436,185351,-0.249836708,51.5539864,MET
New Addington Tram Stop,9400ZZCRNWA,538185,162255,-0.01741194,51.34259268,MET
New Barnet Rail Station,9100NBARNET,526500,196000,-0.172997081,51.64857458,RLY
New Beckenham Rail Station,9100NBCKNHM,536720,170470,-0.035273426,51.41676962,RLY
New Cross ELL Rail Station,9100NWCRELL,536739,177100,-0.032440888,51.47634386,RLY
New Cross Gate ELL Rail Station,9100NEWXGEL,536189,176950,-0.040413302,51.47512848,RLY
New Cross Gate Rail Station,9100NEWXGTE,536190,176950,-0.040398912,51.47512824,RLY
New Cross Rail Station,9100NWCROSS,536740,177100,-0.032426498,51.47634362,RLY
New Eltham Rail Station,9100NWELTHM,544010,173040,0.070533253,51.43805963,RLY
New Hythe Rail Station,9100NWHYTHE,571190,159960,0.454929604,51.31300294,RLY
New Malden Rail Station,9100NEWMLDN,521410,168670,-0.255939553,51.40407462,RLY
New Southgate Rail Station,9100NEWSGAT,528670,192220,-0.143037832,51.61411356,RLY
Newbury Park Station,9100ILFENBP,544906,188310,0.089683981,51.57503973,RLY
Newbury Park Underground Station,9400ZZLUNBP,544926,188387,0.090004127,51.57572647,MET
Newport (Essex) Rail Station,9100NEWPRTE,552231,233584,0.215140569,51.97986957,RLY
Nine Elms Underground Station,9400ZZNEUGST,530060,177322,-0.128475798,51.47991243,MET
Norbiton Rail Station,9100NRBITON,519435,169545,-0.284024953,51.41235766,RLY
Norbury Rail Station,9100NORBURY,530710,169720,-0.121926043,51.4114458,RLY
North Acton Underground Station,9400ZZLUNAN,520829,181947,-0.259754837,51.523524,MET
North Camp Rail Station,9100NTHCAMP,488600,153725,-0.731198647,51.27579486,RLY
North Dulwich Rail Station,9100NDULWCH,532950,174570,-0.087917473,51.45451033,RLY
North Ealing Underground Station,9400ZZLUNEN,518825,181230,-0.288868205,51.51750479,MET
North Greenwich Underground Station,9400ZZLUNGW,539216,179852,0.004287276,51.5004697,MET
North Harrow Underground Station,9400ZZLUNHA,513555,188605,-0.362407786,51.58487205,MET
North Sheen Rail Station,9100NSHEEN,519030,175410,-0.287875813,51.46515469,RLY
North Wembley Rail Station,9100NWEMBLY,517660,186220,-0.303984043,51.56259584,RLY
North Wembley Underground Station,9400ZZLUNWY,517659,186215,-0.304000135,51.56255111,MET
North Woolwich Rail Station,9100NWOLWCH,543280,179810,0.062779897,51.49907768,RLY
Northfields Underground Station,9400ZZLUNFD,517078,179166,-0.314719036,51.49931889,MET
Northfleet Rail Station,9100NRTHFLT,561621,174435,0.324333569,51.44584634,RLY
Northolt Park Rail Station,9100NTHOLTP,513827,185570,-0.359465865,51.55753968,RLY
Northolt Underground Station,9400ZZLUNHT,513210,184521,-0.368699354,51.54823558,MET
Northumberland Park Rail Station,9100NMBRLPK,534875,191030,-0.053931843,51.60196907,RLY
Northwick Park Underground Station,9400ZZLUNKP,516644,187964,-0.318056062,51.57848084,MET
Northwood Hills Underground Station,9400ZZLUNWH,510257,190279,-0.409463768,51.60057195,MET
Northwood Underground Station,9400ZZLUNOW,509237,191423,-0.423828875,51.61105264,MET
Norwood Junction Rail Station,9100NORWDJ,534000,168200,-0.0752215,51.39701905,RLY
Notting Hill Gate Underground Station,9400ZZLUNHG,525284,180453,-0.196104302,51.50912774,MET
Nunhead Rail Station,9100NUNHEAD,535390,176005,-0.052272611,51.46682802,RLY
Nutfield Rail Station,9100NUTFILD,530495,149170,-0.132531244,51.22681357,RLY
Oakleigh Park Rail Station,9100OKLGHPK,527000,194800,-0.166209329,51.63767802,RLY
Oakwood Station,9100ENFCOAK,529326,195977,-0.132182375,51.64772561,RLY
Oakwood Underground Station,9400ZZLUOAK,529327,195977,-0.13216793,51.64772538,MET
Ockendon Rail Station,9100OCKENDN,559003,182828,0.290469174,51.52199211,RLY
Ockley Rail Station,9100OCKLYAC,516477,140455,-0.336013632,51.15151196,RLY
Old Street Rail Station,9100OLDST,532700,182500,-0.088535088,51.52583171,RLY
Old Street Underground Station,9400ZZLUODS,532753,182505,-0.087769673,51.52586419,MET
Orpington Rail Station,9100ORPNGTN,545505,165875,0.089090547,51.37329598,RLY
Osterley Underground Station,9400ZZLUOSY,514520,177100,-0.352223623,51.48127368,MET
Otford Rail Station,9100OTFORD,553200,159407,0.196778808,51.31315822,RLY
Oval Underground Station,9400ZZLUOVL,531168,177566,-0.112438893,51.48184955,MET
Oxford Circus Underground Station,9400ZZLUOXC,529028,181225,-0.141902672,51.51522379,MET
Oxshott Rail Station,9100OXSHOTT,514172,160973,-0.362419243,51.33639582,RLY
Oxted Rail Station,9100OXTED,539317,152862,-0.004833497,51.25790823,RLY
Oxted Rail Station,9100OXTEDBY,539318,152862,-0.004819175,51.25790799,RLY
Paddington (H&C Line)-Underground,9400ZZLUPAH,526494,181491,-0.178306047,51.51818683,MET
Paddington Underground Station,9400ZZLUPAC,526680,181317,-0.175689276,51.51658147,MET
Paddock Wood Rail Station,9100PKWD,567079,145272,0.389148702,51.1822668,RLY
Palmers Green Rail Station,9100PALMRSG,530915,192745,-0.110436562,51.61831431,RLY
Park Royal Underground Station,9400ZZLUPKR,519114,182307,-0.284341365,51.52712341,MET
Park Street Rail Station,9100PKST,514733,204274,-0.340276491,51.72545823,RLY
Parsons Green Underground Station,9400ZZLUPSG,525025,176680,-0.201169604,51.47527696,MET
Peckham Rye Rail Station,9100PCKHMRY,534190,176330,-0.069414331,51.47003415,RLY
Peckham Rye Rail Station,9100PKHMRYC,534191,176330,-0.069399943,51.47003391,RLY
Penge East Rail Station,9100PNGEE,535395,170720,-0.054220454,51.41933392,RLY
Penge West Rail Station,9100PENEW,534940,170510,-0.060839827,51.41755516,RLY
Penshurst Rail Station,9100PNSHRST,551957,146480,0.173472269,51.19733761,RLY
Perivale Underground Station,9400ZZLUPVL,516377,183311,-0.323445913,51.53671704,MET
Petts Wood Rail Station,9100PETSWD,544440,167550,0.07448093,51.38861879,RLY
Phipps Bridge Tram Stop,9400ZZCRPHI,526533,168717,-0.182311078,51.40337836,MET
Piccadilly Circus Underground Station,9400ZZLUPCC,529605,180664,-0.133798006,51.51005032,MET
Pimlico Underground Station,9400ZZLUPCO,529667,178334,-0.13376065,51.48909712,MET
Pinner Underground Station,9400ZZLUPNR,512236,189469,-0.381161253,51.59290142,MET
Pitsea Rail Station,9100PITSEA,573828,187585,0.506293139,51.56035922,RLY
Plaistow Underground Station,9400ZZLUPLW,540035,183310,0.017451351,51.5313407,MET
Plumstead Rail Station,9100PLMS,544800,178820,0.084256524,51.48979504,RLY
Ponders End Rail Station,9100PNDRSEN,536060,195545,-0.035080385,51.64225604,RLY
Pontoon Dock DLR Station,9400ZZDLPDK,541142,180099,0.03211518,51.50221198,MET
Poplar DLR Station,9400ZZDLPOP,537690,180620,-0.017383977,51.50774446,MET
Potters Bar Rail Station,9100POTRSBR,525010,201359,-0.192605459,51.69706737,RLY
Preston Road Underground Station,9400ZZLUPRD,518251,187277,-0.295106781,51.57197202,MET
Prince Regent DLR Station,9400ZZDLPRE,541262,180887,0.034158257,51.50926283,MET
Pudding Mill Lane DLR Station,9400ZZDLPUD,537931,183582,-0.012755194,51.53430233,MET
Purfleet Rail Station,9100PURFLET,555417,178156,0.236767019,51.48101338,RLY
Purley Oaks Rail Station,9100PURLEYO,532500,162600,-0.098856071,51.34704551,RLY
Purley Rail Station,9100PURLEY,531470,161520,-0.114035374,51.33757871,RLY
Putney Bridge Underground Station,9400ZZLUPYB,524519,175887,-0.208730773,51.46826167,MET
Putney Rail Station,9100PUTNEY,524000,175100,-0.216474536,51.46130263,RLY
Queens Park (London) Rail Station,9100QPRK,524600,183200,-0.204984777,51.53396617,RLY
Queen's Park Underground Station,9400ZZLUQPS,524628,183222,-0.204573523,51.53415771,MET
Queens Road Peckham Rail Station,9100PCKHMQD,535020,176745,-0.057313491,51.47356622,RLY
Queensbury Underground Station,9400ZZLUQBY,518809,189762,-0.286219013,51.5941883,MET
Queenstown Road (Battersea) Rail Station,9100QTRDBAT,528810,176740,-0.146678139,51.47496788,RLY
Queensway Underground Station,9400ZZLUQWY,525902,180600,-0.187151532,51.5103116,MET
Radlett Rail Station,9100RADLETT,516427,199832,-0.317243701,51.68518798,RLY
Rainham (London) Rail Station,9100RNHAME,552095,182030,0.190633517,51.51672312,RLY
Ravensbourne Rail Station,9100RBRN,538655,170235,-0.007556743,51.41418836,RLY
Ravenscourt Park Underground Station,9400ZZLURVP,522564,178717,-0.235880688,51.49412192,MET
Rayleigh Rail Station,9100RAYLEGH,580207,191029,0.59998348,51.58929327,RLY
Rayners Lane Underground Station,9400ZZLURYL,512975,187510,-0.371127428,51.57514697,MET
Raynes Park Rail Station,9100RAYNSPK,523190,169280,-0.230150775,51.40917344,RLY
Rectory Road Rail Station,9100RCTRYRD,534010,186170,-0.068266877,51.55850233,RLY
Redbridge Underground Station,9400ZZLURBG,541831,188357,0.04535964,51.5762434,MET
Redhill Rail Station,9100REDHILL,528128,150600,-0.165899878,51.24020113,RLY
Reedham (Surrey) Rail Station,9100REEDHMS,530835,160785,-0.123415753,51.33111969,RLY
Reeves Corner Tram Stop,9400ZZCRRVC,531893,165726,-0.106408416,51.3752792,MET
Regent's Park Underground Station,9400ZZLURGP,528690,182120,-0.146444496,51.52334393,MET
Reigate Rail Station,9100REIGATE,525476,150730,-0.203825059,51.24195839,RLY
Richmond (London) Rail Station,9100RICHMND,518085,175155,-0.301558348,51.46306062,RLY
Richmond NLL Rail Station,9100RICHNLL,518095,175165,-0.301411129,51.46314841,RLY
Richmond Underground Station,9400ZZLURMD,518100,175175,-0.301335851,51.46323725,MET
Rickmansworth Rail Station,9100RCKMNSW,505745,194597,-0.473282447,51.64024677,RLY
Rickmansworth Underground Station,9400ZZLURKW,505716,194592,-0.473702873,51.64020728,MET
Riddlesdown Rail Station,9100RDLSDWN,532505,160980,-0.099386625,51.33248579,RLY
Rochester Rail Station,9100RCHT,574517,168605,0.506854934,51.389652,RLY
Roding Valley Underground Station,9400ZZLURVY,541585,192908,0.043647072,51.61719863,MET
Romford Rail Station,9100ROMFORD,551389,188476,0.183237439,51.57482906,RLY
Rotherhithe Rail Station,9100RTHERHI,535305,179785,-0.052048496,51.50081651,RLY
Rotherhithe Rail Station,9100RTHERI,535305,179785,-0.052048496,51.50081651,RLY
Royal Albert DLR Station,9400ZZDLRAL,542082,180809,0.045934776,51.50835654,MET
Royal Oak Underground Station,9400ZZLURYO,525767,181576,-0.188747936,51.51911289,MET
Royal Victoria DLR Station,9400ZZDLRVC,540175,180865,0.01849661,51.5093356,MET
Roydon Rail Station,9100ROYDON,540582,210496,0.036251791,51.77548674,RLY
Ruislip Gardens Underground Station,9400ZZLURSG,510267,185847,-0.410709668,51.56073573,MET
Ruislip Manor Underground Station,9400ZZLURSM,510080,187230,-0.412973431,51.5732025,MET
Ruislip Underground Station,9400ZZLURSP,509466,187011,-0.421897803,51.57135356,MET
Russell Square Underground Station,9400ZZLURSQ,530228,182129,-0.124285013,51.52307261,MET
Rye House Rail Station,9100RYEHOUS,538488,209762,0.005628253,51.76941291,RLY
Salfords (Surrey) Rail Station,9100SALFDS,528473,146330,-0.162489101,51.201748,RLY
Sanderstead Rail Station,9100SDSD,532857,162747,-0.093678226,51.34828329,RLY
Sandilands Tram Stop,9400ZZCRSAN,533868,165749,-0.078040867,51.37502409,MET
Sawbridgeworth Rail Station,9100SBDGWTH,549019,215064,0.160411105,51.81434785,RLY
Seer Green Rail Station,9100SEERGRN,496500,191030,-0.607818463,51.60984476,RLY
Selhurst Rail Station,9100SELHRST,533105,167610,-0.088299898,51.39192744,RLY
Seven Kings Rail Station,9100SVNKNGS,545455,187100,0.097100233,51.56402623,RLY
Seven Sisters Rail Station,9100SEVNSIS,533455,188800,-0.075270018,51.58226771,RLY
Seven Sisters Underground Station,9400ZZLUSVS,533638,188923,-0.072583657,51.58332969,MET
Sevenoaks Rail Station,9100SVNOAKS,552267,155340,0.181669016,51.27686542,RLY
Shadwell DLR Station,9400ZZDLSHA,534954,180986,-0.056643072,51.51169287,MET
Shadwell Rail Station,9100SHADWEL,534935,180940,-0.056934291,51.51128403,RLY
Shalford (Surrey) Rail Station,9100SHALFD,500200,147100,-0.566803701,51.21432297,RLY
Shenfield Rail Station,9100SHENFLD,561349,195022,0.329851319,51.63087735,RLY
Shepherd's Bush (Central) Underground Station,9400ZZLUSBC,523721,179886,-0.218813401,51.5043761,MET
Shepherd's Bush Market Underground Station,9400ZZLUSBM,523193,180007,-0.226374702,51.50557878,MET
Shepherds Bush Rail Station,9100SHPDSB,523799,179989,-0.217654038,51.50528471,RLY
Shepperton Rail Station,9100SHEPRTN,508153,167563,-0.446785829,51.39680478,RLY
Shoreditch High Street Rail Station,9100SHRDHST,533629,182251,-0.075246101,51.52337525,RLY
Shoreham (Kent) Rail Station,9100SHRMKT,552587,161510,0.188889741,51.33221861,RLY
Shortlands Rail Station,9100SHRTLND,539330,169320,0.001784107,51.40580074,RLY
Sidcup Rail Station,9100SIDCUP,546335,172640,0.103794656,51.43387015,RLY
Silver Street Rail Station,9100SIVRST,533916,192420,-0.067239916,51.61468849,RLY
Silvertown & City Airport Rail Station,9100SLVRTWN,542100,180100,0.045908564,51.50198114,RLY
Slade Green Rail Station,9100SLADEGN,552248,176588,0.190491432,51.46778615,RLY
Sloane Square Underground Station,9400ZZLUSSQ,528088,178647,-0.156377233,51.49226953,MET
Slough Rail Station,9100SLOUGH,497839,180157,-0.591510358,51.51188041,RLY
Smitham (Coulsdon Town) Rail Station,9100SMITHAM,530090,159755,-0.134478858,51.32203388,RLY
Snaresbrook Underground Station,9400ZZLUSNB,540160,188804,0.02144002,51.5806776,MET
Snodland Rail Station,9100SNODLND,570660,161860,0.448241335,51.33023071,RLY
Sole Street Rail Station,9100SOLEST,565583,167583,0.378097012,51.38314556,RLY
South Acton Rail Station,9100SACTON,520170,179280,-0.270157191,51.49969523,RLY
South Bermondsey Rail Station,9100SBRMNDS,535160,178370,-0.054677656,51.48813558,RLY
South Croydon Rail Station,9100SCROYDN,532830,164380,-0.093456508,51.36296489,RLY
South Ealing Underground Station,9400ZZLUSEA,517580,179365,-0.30742415,51.50100331,MET
South Greenford Rail Station,9100SGFORD,515465,182960,-0.336704327,51.53374948,RLY
South Hampstead Rail Station,9100SHMPSTD,526390,184075,-0.178877692,51.54143217,RLY
South Harrow Underground Station,9400ZZLUSHH,514292,186398,-0.352492412,51.56488753,MET
South Kensington Underground Station,9400ZZLUSKS,526850,178819,-0.17413818,51.49409412,MET
South Kenton Rail Station,9100SKENTON,517330,187060,-0.308462369,51.57021397,RLY
South Kenton Underground Station,9400ZZLUSKT,517332,187062,-0.308432858,51.57023153,MET
South Merton Rail Station,9100SMERTON,524945,168635,-0.205157399,51.40299311,RLY
South Quay DLR Station,9400ZZDLSOQ,537800,179767,-0.016132933,51.50005256,MET
South Ruislip Rail Station,9100SRUISLP,511070,185440,-0.39925907,51.55692028,RLY
South Ruislip Underground Station,9400ZZLUSRP,511094,185433,-0.398915235,51.55685264,MET
South Tottenham Rail Station,9100STOTNHM,533680,188595,-0.072102593,51.58037225,RLY
South Wimbledon Underground Station,9400ZZLUSWN,525826,170027,-0.192005339,51.41530862,MET
South Woodford Underground Station,9400ZZLUSWF,540534,190064,0.027338048,51.59190654,MET
Southall Rail Station,9100STHALL,512627,179804,-0.378610296,51.5059566,RLY
Southbury Rail Station,9100SBURY,534840,196230,-0.052436831,51.64870504,RLY
Southfields Underground Station,9400ZZLUSFS,524730,173312,-0.206601913,51.44507341,MET
Southgate Underground Station,9400ZZLUSGT,529672,194271,-0.127815878,51.63231512,MET
Southwark Underground Station,9400ZZLUSWK,531625,180040,-0.104939696,51.50397622,MET
St Albans Abbey Rail Station,9100STALBNA,514526,206414,-0.342568644,51.7447334,RLY
St Albans City Rail Station,9100STALBCY,515549,207076,-0.327538227,51.75047316,RLY
St Helier (London) Rail Station,9100SHLIER,525425,167190,-0.19877067,51.3899008,RLY
St James Street (London) Rail Station,9100STJMSST,536393,188735,-0.032918376,51.58098092,RLY
St Johns (London) Rail Station,9100STJOHNS,537435,176345,-0.022718745,51.46939082,RLY
St Margarets (Herts) Rail Station,9100SMARGRT,538131,211803,0.001269217,51.78784053,RLY
St Margarets (London) Rail Station,9100STMGTS,516810,174255,-0.320200423,51.45523604,RLY
St Mary Cray Rail Station,9100STMRYC,546640,168295,0.106383676,51.39474932,RLY
St Pancras International Rail Station,9100STPANCI,530020,183176,-0.126895282,51.53252947,RLY
St. James's Park Underground Station,9400ZZLUSJP,529648,179496,-0.133607676,51.49954402,MET
St. John's Wood Underground Station,9400ZZLUSJW,526751,183315,-0.17394838,51.5345213,MET
St. Paul's Underground Station,9400ZZLUSPU,532105,181272,-0.097566801,51.51493569,MET
Staines Rail Station,9100STAINES,504150,171446,-0.503164453,51.43245541,RLY
Stamford Brook Underground Station,9400ZZLUSFB,521880,178789,-0.245703757,51.49491673,MET
Stamford Hill Rail Station,9100STMFDHL,533380,187930,-0.076681923,51.57446739,RLY
Stanford-le-Hope Rail Station,9100SLEHOPE,568227,182276,0.423035846,51.51436361,RLY
Stanmore Underground Station,9400ZZLUSTM,517562,192587,-0.303266433,51.61983892,MET
Stansted Airport Rail Station,9100STANAIR,555683,223530,0.260815594,51.88859105,RLY
Stansted Mountfitchet Rail Station,9100STANMFC,551440,224830,0.199780961,51.90143835,RLY
Staplehurst Rail Station,9100SPHS,578392,144450,0.550438511,51.17146744,RLY
Star Lane DLR Station,9400ZZDLSTL,539145,182111,0.004155766,51.52078642,MET
Stepney Green Underground Station,9400ZZLUSGN,535621,182135,-0.046595565,51.52185846,MET
Stevenage Rail Station,9100STEVNGE,523448,224090,-0.207109387,51.90168753,RLY
Stockwell Underground Station,9400ZZLUSKW,530487,176473,-0.122643662,51.47218449,MET
Stoke Mandeville Rail Station,9100STKM,483965,210603,-0.784086205,51.78779554,RLY
Stoke Newington Rail Station,9100STKNWNG,533670,186910,-0.072887351,51.56523277,RLY
Stone Crossing Rail Station,9100STCR,557394,174913,0.263771252,51.45133048,RLY
Stonebridge Park Rail Station,9100STNBGPK,519660,184210,-0.275828352,51.544111,RLY
Stonebridge Park Underground Station,9400ZZLUSGP,519656,184193,-0.275891781,51.54395906,MET
Stonegate Rail Station,9100SNGT,565892,127169,0.36386822,51.01996772,RLY
Stoneleigh Rail Station,9100STLEIGH,522024,164159,-0.248665138,51.36340066,RLY
Stratford (London) Rail Station,9100STFD,538557,184444,-0.003396657,51.54189507,RLY
Stratford DLR Station,9400ZZDLSTD,538565,184429,-0.003287272,51.54175832,MET
Stratford High Street DLR Station,9400ZZDLSHS,538729,184037,-0.001078303,51.53819558,MET
Stratford International DLR Station,9400ZZDLSIT,538114,184807,-0.009638242,51.54526545,MET
Stratford International Rail Station,9100STFODOM,538175,184760,-0.008777565,51.5448282,RLY
Stratford International Rail Station,9100STFORDI,538160,184760,-0.008993739,51.54483186,RLY
Stratford Low Level Rail Station,9100STFDLL,538560,184350,-0.003390398,51.54104965,RLY
Stratford Underground Station,9400ZZLUSTD,538553,184434,-0.003458232,51.54180619,MET
Strawberry Hill Rail Station,9100STRWBYH,515520,172415,-0.339358389,51.43896297,RLY
Streatham Common Rail Station,9100STRHCOM,529710,170505,-0.136009776,51.41872988,RLY
Streatham Hill Rail Station,9100STRHILL,530270,172685,-0.127160035,51.43819275,RLY
Streatham Rail Station,9100STRETHM,530000,171300,-0.131550257,51.42580802,RLY
Strood Rail Station,9100STROOD,574027,169356,0.500187505,51.39654864,RLY
Sudbury & Harrow Road Rail Station,9100SDBRYHR,516885,185290,-0.315468136,51.55439847,RLY
Sudbury Hill Harrow Rail Station,9100SDBRYHH,515465,185710,-0.335802812,51.55846538,RLY
Sudbury Hill Underground Station,9400ZZLUSUH,515425,185540,-0.336435302,51.55694566,MET
Sudbury Town Underground Station,9400ZZLUSUT,516875,184891,-0.315744756,51.55081453,MET
Sunbury Rail Station,9100SUNBURY,510119,169998,-0.417782599,51.4183132,RLY
Sundridge Park Rail Station,9100SNDP,540673,170245,0.02144641,51.41378157,RLY
Sunningdale Rail Station,9100SUNNGDL,495206,166764,-0.633040652,51.39194041,RLY
Sunnymeads Rail Station,9100SUNYMDS,500160,175575,-0.559374157,51.4702883,RLY
Surbiton Rail Station,9100SURBITN,518100,167300,-0.303958484,51.39245969,RLY
Surrey Quays Rail Station,9100SURREYQ,535642,178946,-0.047518581,51.49319635,RLY
Sutton (London) Rail Station,9100SUTTON,526034,163826,-0.191214741,51.35953316,RLY
Sutton Common Rail Station,9100SUTTONC,525635,165525,-0.196342501,51.37489073,RLY
Swanley Rail Station,9100SWLY,551016,168271,0.169225441,51.39338682,RLY
Swanscombe Rail Station,9100SWNSCMB,560582,174761,0.309543284,51.44907051,RLY
Swiss Cottage Underground Station,9400ZZLUSWC,526660,184332,-0.174894067,51.54368132,MET
Sydenham Hill Rail Station,9100SYDNHMH,533540,172160,-0.080339491,51.43271414,RLY
Sydenham Rail Station,9100SYDENHM,535370,171600,-0.054243899,51.42724791,RLY
Syon Lane Rail Station,9100SYONLA,516420,177200,-0.324841838,51.48178497,RLY
Tadworth Rail Station,9100TADWTH,523100,156200,-0.235964591,51.29163753,RLY
Taplow Rail Station,9100TAPLOW,491580,181340,-0.681370383,51.52356238,RLY
Tattenham Corner Rail Station,9100TATNHMC,522590,158140,-0.242609213,51.30918327,RLY
Teddington Rail Station,9100TEDNGTN,516019,170815,-0.332705913,51.42448068,RLY
Temple Underground Station,9400ZZLUTMP,530958,180805,-0.114260392,51.51100576,MET
Thames Ditton Rail Station,9100TDITTON,515660,166870,-0.339152109,51.38909702,RLY
Theobalds Grove Rail Station,9100THBLDSG,535927,201128,-0.0348313,51.69245655,RLY
Therapia Lane Tram Stop,9400ZZCRTPA,530288,166844,-0.129045385,51.38569673,MET
Theydon Bois Underground Station,9400ZZLUTHB,545525,199092,0.103085413,51.67175912,MET
Thornton Heath Rail Station,9100THTH,532250,168350,-0.100305866,51.39877732,RLY
Three Bridges Rail Station,9100THBDGS,528800,136900,-0.161184003,51.11692375,RLY
Tilbury Town Rail Station,9100TLBYTWN,563626,176337,0.354038564,51.46235856,RLY
Tolworth Rail Station,9100TOLWTH,519845,165605,-0.279461392,51.37686022,RLY
Tonbridge Rail Station,9100TONBDG,558789,146027,0.270973139,51.19141127,RLY
Tooting Bec Underground Station,9400ZZLUTBC,528013,172348,-0.159735671,51.4356782,MET
Tooting Broadway Underground Station,9400ZZLUTBY,527435,171438,-0.168373572,51.42763024,MET
Tooting Rail Station,9100TOOTING,527950,170585,-0.161277654,51.41984844,RLY
Tottenham Court Road Underground Station,9400ZZLUTCR,529822,181379,-0.130409787,51.51642601,MET
Tottenham Hale Rail Station,9100TTNHMHL,534500,189500,-0.059929104,51.58830984,RLY
Tottenham Hale Underground Station,9400ZZLUTMH,534479,189477,-0.06024085,51.58810817,MET
Totteridge & Whetstone Underground Station,9400ZZLUTAW,526120,193990,-0.179210189,51.63059659,MET
Tower Gateway DLR Station,9400ZZDLTWG,533696,180833,-0.074818341,51.51061675,MET
Tower Hill Underground Station,9400ZZLUTWH,533578,180758,-0.07654609,51.50997066,MET
Tring Rail Station,9100TRING,495087,212241,-0.622439325,51.80074116,RLY
Tufnell Park Underground Station,9400ZZLUTFP,529151,185857,-0.138433452,51.55682194,MET
Tulse Hill Rail Station,9100TULSEH,531800,172910,-0.105076686,51.43986117,RLY
Tunbridge Wells Rail Station,9100TUNWELL,558428,139207,0.2628104,51.13023394,RLY
Tunbridge Wells West (Spa Valley Railway),9400ZZSLTWW,557763,138447,0.252982007,51.12358869,MET
Turkey Street Rail Station,9100TURKYST,535130,198900,-0.047216556,51.67262808,RLY
Turnham Green Underground Station,9400ZZLUTNG,521265,178800,-0.254554659,51.49514771,MET
Turnpike Lane Underground Station,9400ZZLUTPN,531514,189640,-0.102952972,51.59027213,MET
Twickenham Rail Station,9100TWCKNHM,516115,173660,-0.330393744,51.45003117,RLY
Upminster Bridge Underground Station,9400ZZLUUPB,555087,186777,0.235809431,51.55856006,MET
Upminster Rail Station,9100UPMNSP6,556130,186870,0.250884013,51.55910813,RLY
Upminster Rail Station,9100UPMNSTR,556130,186860,0.250879576,51.55901829,RLY
Upminster Underground Station,9400ZZLUUPM,556130,186865,0.250881795,51.55906321,MET
Upney Underground Station,9400ZZLUUPY,545844,184256,0.101530177,51.53837158,MET
Upper Halliford Rail Station,9100UHALIFD,509219,169395,-0.430905718,51.41306723,RLY
Upper Holloway Rail Station,9100UPRHLWY,529750,186630,-0.129513003,51.56363123,RLY
Upper Warlingham Rail Station,9100UWRLNGH,534068,158353,-0.077951665,51.30851177,RLY
Upton Park Underground Station,9400ZZLUUPK,541258,183789,0.035263067,51.53534049,MET
Uxbridge Underground Station,9400ZZLUUXB,505639,184172,-0.477948709,51.54656533,MET
Vauxhall Rail Station,9100VAUXHLM,530430,178030,-0.12288947,51.48618987,RLY
Vauxhall Rail Station,9100VAUXHLW,530431,178030,-0.122875076,51.48618964,RLY
Vauxhall Underground Station,9400ZZLUVXL,530340,177978,-0.124204115,51.48574329,MET
Victoria Underground Station,9400ZZLUVIC,528998,179125,-0.143102162,51.49635851,MET
Virginia Water Rail Station,9100VRGNWTR,500115,167955,-0.562173767,51.40180217,RLY
Waddon Marsh Tram Stop,9400ZZCRWAD,531080,165905,-0.118016473,51.37707594,MET
Waddon Rail Station,9100WADDON,531155,164830,-0.117335832,51.36739782,RLY
Wadhurst Rail Station,9100WADHRST,562150,133004,0.313173601,51.07346084,RLY
Wallington Rail Station,9100WALNGTN,528843,163991,-0.150832874,51.36038648,RLY
Waltham Cross Rail Station,9100WALHAMX,536521,200321,-0.026558314,51.68506098,RLY
Walthamstow Central Rail Station,9100WLTWCEN,537295,188975,-0.019814945,51.58291875,RLY
Walthamstow Central Underground Station,9400ZZLUWWL,537290,188980,-0.01988511,51.58296489,MET
Walthamstow Queens Road Rail Station,9100WLTHQRD,537020,188810,-0.023845809,51.58150292,RLY
Walton-on-Thames Rail Station,9100WONT,510447,164956,-0.414634959,51.37293107,RLY
Wanborough Rail Station,9100WANBRO,493100,150326,-0.667587713,51.24452328,RLY
Wandle Park Tram Stop,9400ZZCRWAN,531420,165505,-0.113281958,51.3734027,MET
Wandsworth Common Rail Station,9100WANDCMN,527730,173510,-0.163385912,51.44618483,RLY
Wandsworth Road Rail Station,9100WNDSWRD,529390,176226,-0.138519585,51.47021646,RLY
Wandsworth Town Rail Station,9100WDWTOWN,525970,175120,-0.188125403,51.4610478,RLY
Wanstead Park Rail Station,9100WNSTDPK,540580,185590,0.026213074,51.55169295,RLY
Wanstead Underground Station,9400ZZLUWSD,540667,188242,0.028527391,51.57550144,MET
Wapping Rail Station,9100WAPPING,535025,180175,-0.055930816,51.50438805,RLY
Ware Rail Station,9100WARE,535998,213984,-0.028781303,51.80796039,RLY
Warnham Rail Station,9100WARNHAM,517083,133948,-0.329464094,51.09290209,RLY
Warren Street Underground Station,9400ZZLUWRR,529249,182313,-0.138320849,51.52495083,MET
Warwick Avenue Underground Station,9400ZZLUWKA,526100,182046,-0.183783052,51.52326257,MET
Wateringbury Rail Station,9100WTRNGBY,569160,152850,0.422466593,51.24973511,RLY
Waterloo Underground Station,9400ZZLUWLO,530944,179947,-0.114780309,51.50329852,MET
Watford High Street Rail Station,9100WATFDHS,511359,196098,-0.391711099,51.65265496,RLY
Watford Junction Rail Station,9100WATFDJ,511040,197343,-0.395925235,51.66390767,RLY
Watford Junction Rail Station,9100WATFJDC,511000,197300,-0.396516975,51.66352909,RLY
Watford North Rail Station,9100WATFDN,511426,198664,-0.389925729,51.67570403,RLY
Watford Underground Station,9400ZZLUWAF,509572,196592,-0.417376717,51.65744569,MET
Watton-at-Stone Rail Station,9100WATONAS,529610,219210,-0.119427409,51.85643784,RLY
Welham Green Rail Station,9100WELHAMG,523653,205697,-0.210691674,51.73635217,RLY
Wellesley Road Tram Stop,9400ZZCRWEL,532509,165752,-0.097553546,51.37536955,MET
Welling Rail Station,9100WELLING,546090,176075,0.101689641,51.46479848,RLY
Welwyn Garden City Rail Station,9100WLWYNGC,523933,212903,-0.20407041,51.80104809,RLY
Welwyn North Rail Station,9100WLWYNN,524697,215420,-0.192091483,51.82349745,RLY
Wembley Central Rail Station,9100WMBY,518210,185090,-0.296432791,51.55232519,RLY
Wembley Central Rail Station,9100WMBYDC,518211,185090,-0.296418374,51.55232498,RLY
Wembley Central Underground Station,9400ZZLUWYC,518181,185087,-0.29685187,51.5523043,MET
Wembley Park Underground Station,9400ZZLUWYP,519372,186327,-0.279261644,51.56319809,MET
Wembley Stadium Rail Station,9100WEMBLSM,518955,185340,-0.285608228,51.5544156,RLY
Wendover Rail Station,9100WENDOVR,486547,207750,-0.747372296,51.76175731,RLY
West Acton Underground Station,9400ZZLUWTA,519371,181298,-0.280979959,51.51800093,MET
West Brompton Rail Station,9100WBRMPTN,525380,178000,-0.195592561,51.48706135,RLY
West Brompton Underground Station,9400ZZLUWBN,525379,178023,-0.195598796,51.48726828,MET
West Byfleet Rail Station,9100WBYFLET,504200,161075,-0.505485149,51.33922574,RLY
West Croydon Rail Station,9100WCROYDN,532150,166083,-0.102585471,51.37842775,RLY
West Croydon Tram Stop,9400ZZCRWCR,532210,166145,-0.101700815,51.37897097,MET
West Drayton Rail Station,9100WDRYTON,506120,180120,-0.472234235,51.51005492,RLY
West Dulwich Rail Station,9100WDULWCH,532750,173030,-0.091371431,51.44071793,RLY
West Ealing Rail Station,9100WEALING,516666,180735,-0.320133207,51.51350551,RLY
West Finchley Underground Station,9400ZZLUWFN,525545,191620,-0.18836176,51.6094264,MET
West Ham DLR Station,9400ZZDLWHM,539146,182902,0.004482306,51.52789404,MET
West Ham Rail Station,9100WHAM,539140,182860,0.004379293,51.5275181,RLY
West Ham Rail Station,9100WHAMHL,539210,182970,0.00543115,51.52848932,RLY
West Ham Underground Station,9400ZZLUWHM,539185,182930,0.005055199,51.52813604,MET
West Hampstead Rail Station,9100WHMDSTD,525520,184725,-0.191184518,51.54746762,RLY
West Hampstead Thameslink Rail Station,9100WHMPSTM,525472,184836,-0.19183684,51.54847584,RLY
West Hampstead Underground Station,9400ZZLUWHP,525531,184633,-0.191058758,51.54663838,MET
West Harrow Underground Station,9400ZZLUWHW,514192,188045,-0.353399705,51.5797104,MET
West Horndon Rail Station,9100WHORNDN,562320,188048,0.340643742,51.56794532,RLY
West India Quay DLR Station,9400ZZDLWIQ,537489,180535,-0.020311484,51.50702954,MET
West Kensington Underground Station,9400ZZLUWKN,524604,178359,-0.20663649,51.49045906,MET
West Malling Rail Station,9100WMALING,568739,157543,0.418653358,51.29202073,RLY
West Norwood Rail Station,9100WNORWOD,531910,172010,-0.103829915,51.43174762,RLY
West Ruislip Rail Station,9100WRUISLP,508370,186810,-0.437767676,51.56975848,RLY
West Ruislip Underground Station,9400ZZLUWRP,508362,186802,-0.437885523,51.56968811,MET
West Silvertown DLR Station,9400ZZDLWSV,540470,180150,0.022460114,51.50283752,MET
West Sutton Rail Station,9100WSUTTON,525045,164505,-0.205173271,51.36585386,RLY
West Wickham Rail Station,9100WWICKHM,538276,166565,-0.014431867,51.38130143,RLY
Westbourne Park Underground Station,9400ZZLUWSP,524907,181777,-0.201065106,51.52110992,MET
Westcombe Park Rail Station,9100WCOMBEP,540245,178070,0.018394738,51.4842027,RLY
Westferry DLR Station,9400ZZDLWFE,537035,180790,-0.026749991,51.50943117,MET
Westminster Underground Station,9400ZZLUWSM,530250,179709,-0.12486133,51.50131991,MET
Weybridge Rail Station,9100WEYBDGB,507473,163651,-0.457738595,51.36177129,RLY
Weybridge Rail Station,9100WEYBDGE,507474,163651,-0.457724237,51.3617711,RLY
White City Underground Station,9400ZZLUWCY,523320,180720,-0.224296662,51.51195893,MET
White Hart Lane Rail Station,9100WHHRTLA,533690,191340,-0.070913538,51.60503707,RLY
White Notley Rail Station,9100WNOTLEY,578934,218775,0.595863533,51.83891181,RLY
Whitechapel Rail Station,9100WCHAPEL,534715,181845,-0.059757043,51.51946907,RLY
Whitechapel Underground Station,9400ZZLUWPL,534700,181850,-0.059971194,51.51951757,MET
Whitton Rail Station,9100WHTTON,514220,173570,-0.357681338,51.44960729,RLY
Whyteleafe Rail Station,9100WHYTELF,533841,158508,-0.081148298,51.30995809,RLY
Whyteleafe South Rail Station,9100WHYTLFS,534155,157785,-0.076917651,51.30338685,RLY
Wickford Rail Station,9100WIKFORD,574512,193694,0.519185148,51.61502314,RLY
Willesden Green Underground Station,9400ZZLUWIG,523411,184860,-0.221536634,51.54914561,MET
Willesden Junction Low Level Rail Station,9100WLSDNJL,521950,182920,-0.243268246,51.53202784,RLY
Willesden Junction Rail Station,9100WLSDJHL,521860,182970,-0.244547814,51.53249661,RLY
Willesden Junction Underground Station,9400ZZLUWJN,521879,182944,-0.244283021,51.53225885,MET
Willow Lawn (Ruislip Lido Railway),9400ZZRLWLN,508678,189251,-0.432570807,51.5916389,MET
Wimbledon Chase Rail Station,9100WIMLCHS,524310,169350,-0.214031157,51.40955837,RLY
Wimbledon Park Underground Station,9400ZZLUWIP,525237,172156,-0.199718906,51.43457253,MET
Wimbledon Rail Station,9100WDON,524810,170660,-0.206385072,51.42122187,RLY
Wimbledon Rail Station,9100WIMBLDN,524811,170660,-0.206370697,51.42122165,RLY
Wimbledon Tram Stop,9400ZZCRWMB,524850,170642,-0.205816434,51.4210513,MET
Wimbledon Underground Station,9400ZZLUWIM,524797,170658,-0.206572641,51.42120675,MET
Winchmore Hill Rail Station,9100WNMHILL,531530,194500,-0.100900159,51.63394208,RLY
Windsor & Eton Central Rail Station,9100WINDSEC,496590,176950,-0.610379868,51.48326792,RLY
Windsor & Eton Riverside Rail Station,9100WSORAER,496852,177220,-0.606533983,51.48565015,RLY
Witley Rail Station,9100WITLEY,494850,137970,-0.645782966,51.13316198,RLY
Woking Rail Station,9100WOKING,500660,158695,-0.556959621,51.31846935,RLY
Woldingham Rail Station,9100WLDNGHM,535940,156360,-0.051869629,51.29015787,RLY
Wood Green Underground Station,9400ZZLUWOG,531013,190429,-0.10988649,51.59747903,MET
Wood Lane Underground Station,9400ZZLUWLA,523310,180465,-0.22452979,51.50966939,MET
Wood Street Rail Station,9100WDST,538490,189415,-0.002405317,51.58658041,RLY
Woodford Underground Station,9400ZZLUWOF,540947,191744,0.033970478,51.60689934,MET
Woodgrange Park Rail Station,9100WDGRNPK,541850,185355,0.044423311,51.54926374,RLY
Woodmansterne Rail Station,9100WDMNSTR,528720,159385,-0.154262049,51.31902004,RLY
Woodside Park Underground Station,9400ZZLUWOP,525725,192580,-0.18541969,51.61801358,MET
Woodside Tram Stop,9400ZZCRWOD,534715,167115,-0.065361459,51.38709952,MET
Woody Bay (Ruislip Lido Railway),9400ZZRLWBY,509063,189009,-0.427090501,51.58938951,MET
Woolwich Arsenal DLR Station,9400ZZDLWLA,543749,178814,0.069126501,51.49000905,MET
Woolwich Arsenal Rail Station,9100WOLWCHA,543754,178803,0.069193994,51.48990894,RLY
Woolwich Dockyard Rail Station,9100WOLWCDY,542740,178910,0.054642031,51.49112706,RLY
Worcester Park Rail Station,9100WRCSTRP,522220,166150,-0.245167232,51.38125256,RLY
Worplesdon Rail Station,9100WRPLSDN,498938,155385,-0.582578132,51.28901745,RLY
Wraysbury Rail Station,9100WRYSBRY,501400,174200,-0.541921824,51.45770837,RLY
Yalding Rail Station,9100YALDING,568526,150241,0.412164184,51.22648369,RLY
